"DateTime";"grid (86) (kw)"
"2014-06-01 00:00:00";1,897
"2014-06-01 00:15:00";0,234
"2014-06-01 00:30:00";0,228
"2014-06-01 00:45:00";0,221
"2014-06-01 01:00:00";0,214
"2014-06-01 01:15:00";0,218
"2014-06-01 01:30:00";0,285
"2014-06-01 01:45:00";0,209
"2014-06-01 02:00:00";0,159
"2014-06-01 02:15:00";0,168
"2014-06-01 02:30:00";0,224
"2014-06-01 02:45:00";0,306
"2014-06-01 03:00:00";0,287
"2014-06-01 03:15:00";0,278
"2014-06-01 03:30:00";0,192
"2014-06-01 03:45:00";0,179
"2014-06-01 04:00:00";0,178
"2014-06-01 04:15:00";0,379
"2014-06-01 04:30:00";1,004
"2014-06-01 04:45:00";0,657
"2014-06-01 05:00:00";0,583
"2014-06-01 05:15:00";0,546
"2014-06-01 05:30:00";0,53
"2014-06-01 05:45:00";0,584
"2014-06-01 06:00:00";3,173
"2014-06-01 06:15:00";0,685
"2014-06-01 06:30:00";1,56
"2014-06-01 06:45:00";0,963
"2014-06-01 07:00:00";0,525
"2014-06-01 07:15:00";0,378
"2014-06-01 07:30:00";0,718
"2014-06-01 07:45:00";2,843
"2014-06-01 08:00:00";3,309
"2014-06-01 08:15:00";3,723
"2014-06-01 08:30:00";1,332
"2014-06-01 08:45:00";1,241
"2014-06-01 09:00:00";1,453
"2014-06-01 09:15:00";0,507
"2014-06-01 09:30:00";2,507
"2014-06-01 09:45:00";0,565
"2014-06-01 10:00:00";2,31
"2014-06-01 10:15:00";4,354
"2014-06-01 10:30:00";3,824
"2014-06-01 10:45:00";2,582
"2014-06-01 11:00:00";6,123
"2014-06-01 11:15:00";6,606
"2014-06-01 11:30:00";5,455
"2014-06-01 11:45:00";7,089
"2014-06-01 12:00:00";5,947
"2014-06-01 12:15:00";5,124
"2014-06-01 12:30:00";4,795
"2014-06-01 12:45:00";4,174
"2014-06-01 13:00:00";3,589
"2014-06-01 13:15:00";3,906
"2014-06-01 13:30:00";3,83
"2014-06-01 13:45:00";3,887
"2014-06-01 14:00:00";3,903
"2014-06-01 14:15:00";3,943
"2014-06-01 14:30:00";3,897
"2014-06-01 14:45:00";3,883
"2014-06-01 15:00:00";3,88
"2014-06-01 15:15:00";3,804
"2014-06-01 15:30:00";4,39
"2014-06-01 15:45:00";7,291
"2014-06-01 16:00:00";4,827
"2014-06-01 16:15:00";1,786
"2014-06-01 16:30:00";1,178
"2014-06-01 16:45:00";1,258
"2014-06-01 17:00:00";1,794
"2014-06-01 17:15:00";4,051
"2014-06-01 17:30:00";4,066
"2014-06-01 17:45:00";2,721
"2014-06-01 18:00:00";0,935
"2014-06-01 18:15:00";0,855
"2014-06-01 18:30:00";2,383
"2014-06-01 18:45:00";3,882
"2014-06-01 19:00:00";2,122
"2014-06-01 19:15:00";0,905
"2014-06-01 19:30:00";1,094
"2014-06-01 19:45:00";3,748
"2014-06-01 20:00:00";1,435
"2014-06-01 20:15:00";1,029
"2014-06-01 20:30:00";1,255
"2014-06-01 20:45:00";1,508
"2014-06-01 21:00:00";3,732
"2014-06-01 21:15:00";3,641
"2014-06-01 21:30:00";3,62
"2014-06-01 21:45:00";3,541
"2014-06-01 22:00:00";3,425
"2014-06-01 22:15:00";3,347
"2014-06-01 22:30:00";3,289
"2014-06-01 22:45:00";1,217
"2014-06-01 23:00:00";2,122
"2014-06-01 23:15:00";3,101
"2014-06-01 23:30:00";0,583
"2014-06-01 23:45:00";2,482
"2014-06-02 00:00:00";0,508
"2014-06-02 00:15:00";2,586
"2014-06-02 00:30:00";0,28
"2014-06-02 00:45:00";0,231
"2014-06-02 01:00:00";0,232
"2014-06-02 01:15:00";0,328
"2014-06-02 01:30:00";0,343
"2014-06-02 01:45:00";0,328
"2014-06-02 02:00:00";0,317
"2014-06-02 02:15:00";0,295
"2014-06-02 02:30:00";0,231
"2014-06-02 02:45:00";0,231
"2014-06-02 03:00:00";0,231
"2014-06-02 03:15:00";0,283
"2014-06-02 03:30:00";0,347
"2014-06-02 03:45:00";0,33
"2014-06-02 04:00:00";0,322
"2014-06-02 04:15:00";0,315
"2014-06-02 04:30:00";0,244
"2014-06-02 04:45:00";0,227
"2014-06-02 05:00:00";0,227
"2014-06-02 05:15:00";0,228
"2014-06-02 05:30:00";0,441
"2014-06-02 05:45:00";0,748
"2014-06-02 06:00:00";0,971
"2014-06-02 06:15:00";0,766
"2014-06-02 06:30:00";1,332
"2014-06-02 06:45:00";1,055
"2014-06-02 07:00:00";1,338
"2014-06-02 07:15:00";0,922
"2014-06-02 07:30:00";1,105
"2014-06-02 07:45:00";0,592
"2014-06-02 08:00:00";0,43
"2014-06-02 08:15:00";0,414
"2014-06-02 08:30:00";0,307
"2014-06-02 08:45:00";0,302
"2014-06-02 09:00:00";0,533
"2014-06-02 09:15:00";0,654
"2014-06-02 09:30:00";0,69
"2014-06-02 09:45:00";0,679
"2014-06-02 10:00:00";0,673
"2014-06-02 10:15:00";0,666
"2014-06-02 10:30:00";0,616
"2014-06-02 10:45:00";0,58
"2014-06-02 11:00:00";3,167
"2014-06-02 11:15:00";3,668
"2014-06-02 11:30:00";3,764
"2014-06-02 11:45:00";3,773
"2014-06-02 12:00:00";3,755
"2014-06-02 12:15:00";3,745
"2014-06-02 12:30:00";3,74
"2014-06-02 12:45:00";3,663
"2014-06-02 13:00:00";3,645
"2014-06-02 13:15:00";3,637
"2014-06-02 13:30:00";3,646
"2014-06-02 13:45:00";3,747
"2014-06-02 14:00:00";3,748
"2014-06-02 14:15:00";6,885
"2014-06-02 14:30:00";6,863
"2014-06-02 14:45:00";6,806
"2014-06-02 15:00:00";6,951
"2014-06-02 15:15:00";7,044
"2014-06-02 15:30:00";7,024
"2014-06-02 15:45:00";7,019
"2014-06-02 16:00:00";4,62
"2014-06-02 16:15:00";4,146
"2014-06-02 16:30:00";4,268
"2014-06-02 16:45:00";2,882
"2014-06-02 17:00:00";0,709
"2014-06-02 17:15:00";1,716
"2014-06-02 17:30:00";4,06
"2014-06-02 17:45:00";4,158
"2014-06-02 18:00:00";4,206
"2014-06-02 18:15:00";4,259
"2014-06-02 18:30:00";3,218
"2014-06-02 18:45:00";2,886
"2014-06-02 19:00:00";4,341
"2014-06-02 19:15:00";4,394
"2014-06-02 19:30:00";2,656
"2014-06-02 19:45:00";2,757
"2014-06-02 20:00:00";4,133
"2014-06-02 20:15:00";2,113
"2014-06-02 20:30:00";2,15
"2014-06-02 20:45:00";4,042
"2014-06-02 21:00:00";1,632
"2014-06-02 21:15:00";1,087
"2014-06-02 21:30:00";2,984
"2014-06-02 21:45:00";3,478
"2014-06-02 22:00:00";0,557
"2014-06-02 22:15:00";0,684
"2014-06-02 22:30:00";3,339
"2014-06-02 22:45:00";3,329
"2014-06-02 23:00:00";3,017
"2014-06-02 23:15:00";2,958
"2014-06-02 23:30:00";1,121
"2014-06-02 23:45:00";2,573
"2014-06-03 00:00:00";1,223
"2014-06-03 00:15:00";2,657
"2014-06-03 00:30:00";0,264
"2014-06-03 00:45:00";0,255
"2014-06-03 01:00:00";0,213
"2014-06-03 01:15:00";0,17
"2014-06-03 01:30:00";0,167
"2014-06-03 01:45:00";0,539
"2014-06-03 02:00:00";2,983
"2014-06-03 02:15:00";0,441
"2014-06-03 02:30:00";2,301
"2014-06-03 02:45:00";0,413
"2014-06-03 03:00:00";1,689
"2014-06-03 03:15:00";1,137
"2014-06-03 03:30:00";0,684
"2014-06-03 03:45:00";1,228
"2014-06-03 04:00:00";0,988
"2014-06-03 04:15:00";0,648
"2014-06-03 04:30:00";1,309
"2014-06-03 04:45:00";1,226
"2014-06-03 05:00:00";0,721
"2014-06-03 05:15:00";1,309
"2014-06-03 05:30:00";0,663
"2014-06-03 05:45:00";0,284
"2014-06-03 06:00:00";1,953
"2014-06-03 06:15:00";0,28
"2014-06-03 06:30:00";0,329
"2014-06-03 06:45:00";1,582
"2014-06-03 07:00:00";0,694
"2014-06-03 07:15:00";2,39
"2014-06-03 07:30:00";0,566
"2014-06-03 07:45:00";2,749
"2014-06-03 08:00:00";0,75
"2014-06-03 08:15:00";1,274
"2014-06-03 08:30:00";0,267
"2014-06-03 08:45:00";0,184
"2014-06-03 09:00:00";0,414
"2014-06-03 09:15:00";0,456
"2014-06-03 09:30:00";0,529
"2014-06-03 09:45:00";0,561
"2014-06-03 10:00:00";0,55
"2014-06-03 10:15:00";0,546
"2014-06-03 10:30:00";0,539
"2014-06-03 10:45:00";0,459
"2014-06-03 11:00:00";2,994
"2014-06-03 11:15:00";3,521
"2014-06-03 11:30:00";3,526
"2014-06-03 11:45:00";3,634
"2014-06-03 12:00:00";3,631
"2014-06-03 12:15:00";3,618
"2014-06-03 12:30:00";3,611
"2014-06-03 12:45:00";3,572
"2014-06-03 13:00:00";3,518
"2014-06-03 13:15:00";3,511
"2014-06-03 13:30:00";3,511
"2014-06-03 13:45:00";3,584
"2014-06-03 14:00:00";3,631
"2014-06-03 14:15:00";3,615
"2014-06-03 14:30:00";3,61
"2014-06-03 14:45:00";3,603
"2014-06-03 15:00:00";3,538
"2014-06-03 15:15:00";3,599
"2014-06-03 15:30:00";4,701
"2014-06-03 15:45:00";7,073
"2014-06-03 16:00:00";2,269
"2014-06-03 16:15:00";0,906
"2014-06-03 16:30:00";4,013
"2014-06-03 16:45:00";4,483
"2014-06-03 17:00:00";4,237
"2014-06-03 17:15:00";1,128
"2014-06-03 17:30:00";1,091
"2014-06-03 17:45:00";0,902
"2014-06-03 18:00:00";5,251
"2014-06-03 18:15:00";5,582
"2014-06-03 18:30:00";2,802
"2014-06-03 18:45:00";1,767
"2014-06-03 19:00:00";1,065
"2014-06-03 19:15:00";4,055
"2014-06-03 19:30:00";3,996
"2014-06-03 19:45:00";2,469
"2014-06-03 20:00:00";4,82
"2014-06-03 20:15:00";3,388
"2014-06-03 20:30:00";1,954
"2014-06-03 20:45:00";1,832
"2014-06-03 21:00:00";5,298
"2014-06-03 21:15:00";2,262
"2014-06-03 21:30:00";4,655
"2014-06-03 21:45:00";4,801
"2014-06-03 22:00:00";4,591
"2014-06-03 22:15:00";4,696
"2014-06-03 22:30:00";4,561
"2014-06-03 22:45:00";1,913
"2014-06-03 23:00:00";2,949
"2014-06-03 23:15:00";4,026
"2014-06-03 23:30:00";0,837
"2014-06-03 23:45:00";2,086
"2014-06-04 00:00:00";2,798
"2014-06-04 00:15:00";0,611
"2014-06-04 00:30:00";0,605
"2014-06-04 00:45:00";0,585
"2014-06-04 01:00:00";0,487
"2014-06-04 01:15:00";0,282
"2014-06-04 01:30:00";0,284
"2014-06-04 01:45:00";0,333
"2014-06-04 02:00:00";0,398
"2014-06-04 02:15:00";0,383
"2014-06-04 02:30:00";0,376
"2014-06-04 02:45:00";0,367
"2014-06-04 03:00:00";0,332
"2014-06-04 03:15:00";0,388
"2014-06-04 03:30:00";0,328
"2014-06-04 03:45:00";0,38
"2014-06-04 04:00:00";0,392
"2014-06-04 04:15:00";0,381
"2014-06-04 04:30:00";0,375
"2014-06-04 04:45:00";0,367
"2014-06-04 05:00:00";0,335
"2014-06-04 05:15:00";0,279
"2014-06-04 05:30:00";0,277
"2014-06-04 05:45:00";0,299
"2014-06-04 06:00:00";0,385
"2014-06-04 06:15:00";1,041
"2014-06-04 06:30:00";0,766
"2014-06-04 06:45:00";0,839
"2014-06-04 07:00:00";1,443
"2014-06-04 07:15:00";3,453
"2014-06-04 07:30:00";5,679
"2014-06-04 07:45:00";6,285
"2014-06-04 08:00:00";6,396
"2014-06-04 08:15:00";4,546
"2014-06-04 08:30:00";3,672
"2014-06-04 08:45:00";3,588
"2014-06-04 09:00:00";3,552
"2014-06-04 09:15:00";3,547
"2014-06-04 09:30:00";3,561
"2014-06-04 09:45:00";3,659
"2014-06-04 10:00:00";3,647
"2014-06-04 10:15:00";3,643
"2014-06-04 10:30:00";3,651
"2014-06-04 10:45:00";3,631
"2014-06-04 11:00:00";3,561
"2014-06-04 11:15:00";3,561
"2014-06-04 11:30:00";3,558
"2014-06-04 11:45:00";3,595
"2014-06-04 12:00:00";3,672
"2014-06-04 12:15:00";3,655
"2014-06-04 12:30:00";3,65
"2014-06-04 12:45:00";3,642
"2014-06-04 13:00:00";3,601
"2014-06-04 13:15:00";3,548
"2014-06-04 13:30:00";3,547
"2014-06-04 13:45:00";3,845
"2014-06-04 14:00:00";3,816
"2014-06-04 14:15:00";6,638
"2014-06-04 14:30:00";6,682
"2014-06-04 14:45:00";6,792
"2014-06-04 15:00:00";7,178
"2014-06-04 15:15:00";7,172
"2014-06-04 15:30:00";6,428
"2014-06-04 15:45:00";3,861
"2014-06-04 16:00:00";5,076
"2014-06-04 16:15:00";6,754
"2014-06-04 16:30:00";6,674
"2014-06-04 16:45:00";4,498
"2014-06-04 17:00:00";4,362
"2014-06-04 17:15:00";7,014
"2014-06-04 17:30:00";7,117
"2014-06-04 17:45:00";6,995
"2014-06-04 18:00:00";5,639
"2014-06-04 18:15:00";3,834
"2014-06-04 18:30:00";6,408
"2014-06-04 18:45:00";6,933
"2014-06-04 19:00:00";6,231
"2014-06-04 19:15:00";3,87
"2014-06-04 19:30:00";5,536
"2014-06-04 19:45:00";4,68
"2014-06-04 20:00:00";4,076
"2014-06-04 20:15:00";4,111
"2014-06-04 20:30:00";4,079
"2014-06-04 20:45:00";3,888
"2014-06-04 21:00:00";1,034
"2014-06-04 21:15:00";2,594
"2014-06-04 21:30:00";2,958
"2014-06-04 21:45:00";1,771
"2014-06-04 22:00:00";0,891
"2014-06-04 22:15:00";1,807
"2014-06-04 22:30:00";2,643
"2014-06-04 22:45:00";2,905
"2014-06-04 23:00:00";0,676
"2014-06-04 23:15:00";1,19
"2014-06-04 23:30:00";3,237
"2014-06-04 23:45:00";1,772
"2014-06-05 00:00:00";0,772
"2014-06-05 00:15:00";1,334
"2014-06-05 00:30:00";0,817
"2014-06-05 00:45:00";0,705
"2014-06-05 01:00:00";0,793
"2014-06-05 01:15:00";0,781
"2014-06-05 01:30:00";0,65
"2014-06-05 01:45:00";1,059
"2014-06-05 02:00:00";2,844
"2014-06-05 02:15:00";0,41
"2014-06-05 02:30:00";0,326
"2014-06-05 02:45:00";0,324
"2014-06-05 03:00:00";0,325
"2014-06-05 03:15:00";0,401
"2014-06-05 03:30:00";0,438
"2014-06-05 03:45:00";0,423
"2014-06-05 04:00:00";0,414
"2014-06-05 04:15:00";0,385
"2014-06-05 04:30:00";0,307
"2014-06-05 04:45:00";2,414
"2014-06-05 05:00:00";0,967
"2014-06-05 05:15:00";0,304
"2014-06-05 05:30:00";0,448
"2014-06-05 05:45:00";0,764
"2014-06-05 06:00:00";1,364
"2014-06-05 06:15:00";4,195
"2014-06-05 06:30:00";1,255
"2014-06-05 06:45:00";1,685
"2014-06-05 07:00:00";3,77
"2014-06-05 07:15:00";1,268
"2014-06-05 07:30:00";1,239
"2014-06-05 07:45:00";3,728
"2014-06-05 08:00:00";2,956
"2014-06-05 08:15:00";1,238
"2014-06-05 08:30:00";1,134
"2014-06-05 08:45:00";0,416
"2014-06-05 09:00:00";0,711
"2014-06-05 09:15:00";2,413
"2014-06-05 09:30:00";1,397
"2014-06-05 09:45:00";1,413
"2014-06-05 10:00:00";1,057
"2014-06-05 10:15:00";0,628
"2014-06-05 10:30:00";0,994
"2014-06-05 10:45:00";0,918
"2014-06-05 11:00:00";3,793
"2014-06-05 11:15:00";3,921
"2014-06-05 11:30:00";3,862
"2014-06-05 11:45:00";3,897
"2014-06-05 12:00:00";3,89
"2014-06-05 12:15:00";3,87
"2014-06-05 12:30:00";3,868
"2014-06-05 12:45:00";3,863
"2014-06-05 13:00:00";3,855
"2014-06-05 13:15:00";3,849
"2014-06-05 13:30:00";3,869
"2014-06-05 13:45:00";3,857
"2014-06-05 14:00:00";3,757
"2014-06-05 14:15:00";6,761
"2014-06-05 14:30:00";6,823
"2014-06-05 14:45:00";6,933
"2014-06-05 15:00:00";6,959
"2014-06-05 15:15:00";6,939
"2014-06-05 15:30:00";4,302
"2014-06-05 15:45:00";6,349
"2014-06-05 16:00:00";4,577
"2014-06-05 16:15:00";4,979
"2014-06-05 16:30:00";2,676
"2014-06-05 16:45:00";1,071
"2014-06-05 17:00:00";3,671
"2014-06-05 17:15:00";3,977
"2014-06-05 17:30:00";4,021
"2014-06-05 17:45:00";3,961
"2014-06-05 18:00:00";3,779
"2014-06-05 18:15:00";1,082
"2014-06-05 18:30:00";3,994
"2014-06-05 18:45:00";4,151
"2014-06-05 19:00:00";4,009
"2014-06-05 19:15:00";3,996
"2014-06-05 19:30:00";3,971
"2014-06-05 19:45:00";4,109
"2014-06-05 20:00:00";4,063
"2014-06-05 20:15:00";4,171
"2014-06-05 20:30:00";4,28
"2014-06-05 20:45:00";3,923
"2014-06-05 21:00:00";3,828
"2014-06-05 21:15:00";3,832
"2014-06-05 21:30:00";3,78
"2014-06-05 21:45:00";2,143
"2014-06-05 22:00:00";2,157
"2014-06-05 22:15:00";3,633
"2014-06-05 22:30:00";1,927
"2014-06-05 22:45:00";1,791
"2014-06-05 23:00:00";1,42
"2014-06-05 23:15:00";2,428
"2014-06-05 23:30:00";3,092
"2014-06-05 23:45:00";0,477
"2014-06-06 00:00:00";1,505
"2014-06-06 00:15:00";3,135
"2014-06-06 00:30:00";0,451
"2014-06-06 00:45:00";0,338
"2014-06-06 01:00:00";0,339
"2014-06-06 01:15:00";0,29
"2014-06-06 01:30:00";0,327
"2014-06-06 01:45:00";0,402
"2014-06-06 02:00:00";0,388
"2014-06-06 02:15:00";0,382
"2014-06-06 02:30:00";0,375
"2014-06-06 02:45:00";0,309
"2014-06-06 03:00:00";0,288
"2014-06-06 03:15:00";0,288
"2014-06-06 03:30:00";0,283
"2014-06-06 03:45:00";0,375
"2014-06-06 04:00:00";0,371
"2014-06-06 04:15:00";0,359
"2014-06-06 04:30:00";0,351
"2014-06-06 04:45:00";0,322
"2014-06-06 05:00:00";0,263
"2014-06-06 05:15:00";0,261
"2014-06-06 05:30:00";0,26
"2014-06-06 05:45:00";0,35
"2014-06-06 06:00:00";0,438
"2014-06-06 06:15:00";0,413
"2014-06-06 06:30:00";0,53
"2014-06-06 06:45:00";1,246
"2014-06-06 07:00:00";0,956
"2014-06-06 07:15:00";0,825
"2014-06-06 07:30:00";0,886
"2014-06-06 07:45:00";2,817
"2014-06-06 08:00:00";4,519
"2014-06-06 08:15:00";2,222
"2014-06-06 08:30:00";1,533
"2014-06-06 08:45:00";1,555
"2014-06-06 09:00:00";1,738
"2014-06-06 09:15:00";1,137
"2014-06-06 09:30:00";0,954
"2014-06-06 09:45:00";0,949
"2014-06-06 10:00:00";0,937
"2014-06-06 10:15:00";0,779
"2014-06-06 10:30:00";0,7
"2014-06-06 10:45:00";0,717
"2014-06-06 11:00:00";3,249
"2014-06-06 11:15:00";3,68
"2014-06-06 11:30:00";3,678
"2014-06-06 11:45:00";3,677
"2014-06-06 12:00:00";3,802
"2014-06-06 12:15:00";3,799
"2014-06-06 12:30:00";3,785
"2014-06-06 12:45:00";3,753
"2014-06-06 13:00:00";3,676
"2014-06-06 13:15:00";3,672
"2014-06-06 13:30:00";3,707
"2014-06-06 13:45:00";3,786
"2014-06-06 14:00:00";3,769
"2014-06-06 14:15:00";6,84
"2014-06-06 14:30:00";6,872
"2014-06-06 14:45:00";6,791
"2014-06-06 15:00:00";6,756
"2014-06-06 15:15:00";6,852
"2014-06-06 15:30:00";5,937
"2014-06-06 15:45:00";3,79
"2014-06-06 16:00:00";1,241
"2014-06-06 16:15:00";0,627
"2014-06-06 16:30:00";0,614
"2014-06-06 16:45:00";1,532
"2014-06-06 17:00:00";4,08
"2014-06-06 17:15:00";4,255
"2014-06-06 17:30:00";4,196
"2014-06-06 17:45:00";4,225
"2014-06-06 18:00:00";4,244
"2014-06-06 18:15:00";4,324
"2014-06-06 18:30:00";3,215
"2014-06-06 18:45:00";2,871
"2014-06-06 19:00:00";5,744
"2014-06-06 19:15:00";5,822
"2014-06-06 19:30:00";5,626
"2014-06-06 19:45:00";3,457
"2014-06-06 20:00:00";4,178
"2014-06-06 20:15:00";5,383
"2014-06-06 20:30:00";3,806
"2014-06-06 20:45:00";1,481
"2014-06-06 21:00:00";4,367
"2014-06-06 21:15:00";3,044
"2014-06-06 21:30:00";2,673
"2014-06-06 21:45:00";4,457
"2014-06-06 22:00:00";3,479
"2014-06-06 22:15:00";1,568
"2014-06-06 22:30:00";3,169
"2014-06-06 22:45:00";3,021
"2014-06-06 23:00:00";0,583
"2014-06-06 23:15:00";0,463
"2014-06-06 23:30:00";0,485
"2014-06-06 23:45:00";2,702
"2014-06-07 00:00:00";1,128
"2014-06-07 00:15:00";0,558
"2014-06-07 00:30:00";0,756
"2014-06-07 00:45:00";0,446
"2014-06-07 01:00:00";0,463
"2014-06-07 01:15:00";0,478
"2014-06-07 01:30:00";0,414
"2014-06-07 01:45:00";0,424
"2014-06-07 02:00:00";0,392
"2014-06-07 02:15:00";0,389
"2014-06-07 02:30:00";0,39
"2014-06-07 02:45:00";0,277
"2014-06-07 03:00:00";0,273
"2014-06-07 03:15:00";2,259
"2014-06-07 03:30:00";3,054
"2014-06-07 03:45:00";3,044
"2014-06-07 04:00:00";1,303
"2014-06-07 04:15:00";0,362
"2014-06-07 04:30:00";1,063
"2014-06-07 04:45:00";2,469
"2014-06-07 05:00:00";0,281
"2014-06-07 05:15:00";0,281
"2014-06-07 05:30:00";1,917
"2014-06-07 05:45:00";2,063
"2014-06-07 06:00:00";0,429
"2014-06-07 06:15:00";1,982
"2014-06-07 06:30:00";4,281
"2014-06-07 06:45:00";2,365
"2014-06-07 07:00:00";2,628
"2014-06-07 07:15:00";2,541
"2014-06-07 07:30:00";2,708
"2014-06-07 07:45:00";3,166
"2014-06-07 08:00:00";1,033
"2014-06-07 08:15:00";2,772
"2014-06-07 08:30:00";1,904
"2014-06-07 08:45:00";0,681
"2014-06-07 09:00:00";1,186
"2014-06-07 09:15:00";3,79
"2014-06-07 09:30:00";3,341
"2014-06-07 09:45:00";3,286
"2014-06-07 10:00:00";3,361
"2014-06-07 10:15:00";5,002
"2014-06-07 10:30:00";4,405
"2014-06-07 10:45:00";5,442
"2014-06-07 11:00:00";4,912
"2014-06-07 11:15:00";6,02
"2014-06-07 11:30:00";7,636
"2014-06-07 11:45:00";7,458
"2014-06-07 12:00:00";5,133
"2014-06-07 12:15:00";4,263
"2014-06-07 12:30:00";7,153
"2014-06-07 12:45:00";7,343
"2014-06-07 13:00:00";7,318
"2014-06-07 13:15:00";8,678
"2014-06-07 13:30:00";6,302
"2014-06-07 13:45:00";4,9
"2014-06-07 14:00:00";8,229
"2014-06-07 14:15:00";7,438
"2014-06-07 14:30:00";5,917
"2014-06-07 14:45:00";6,26
"2014-06-07 15:00:00";5,746
"2014-06-07 15:15:00";5,658
"2014-06-07 15:30:00";6,048
"2014-06-07 15:45:00";4,173
"2014-06-07 16:00:00";1,057
"2014-06-07 16:15:00";2,059
"2014-06-07 16:30:00";3,688
"2014-06-07 16:45:00";3,19
"2014-06-07 17:00:00";0,655
"2014-06-07 17:15:00";0,644
"2014-06-07 17:30:00";3,386
"2014-06-07 17:45:00";3,62
"2014-06-07 18:00:00";1,295
"2014-06-07 18:15:00";0,596
"2014-06-07 18:30:00";0,655
"2014-06-07 18:45:00";0,639
"2014-06-07 19:00:00";0,639
"2014-06-07 19:15:00";0,469
"2014-06-07 19:30:00";0,338
"2014-06-07 19:45:00";0,325
"2014-06-07 20:00:00";0,325
"2014-06-07 20:15:00";0,328
"2014-06-07 20:30:00";0,438
"2014-06-07 20:45:00";0,424
"2014-06-07 21:00:00";0,418
"2014-06-07 21:15:00";0,412
"2014-06-07 21:30:00";0,387
"2014-06-07 21:45:00";0,323
"2014-06-07 22:00:00";0,323
"2014-06-07 22:15:00";0,323
"2014-06-07 22:30:00";0,382
"2014-06-07 22:45:00";0,441
"2014-06-07 23:00:00";0,424
"2014-06-07 23:15:00";0,422
"2014-06-07 23:30:00";0,646
"2014-06-07 23:45:00";0,705
"2014-06-08 00:00:00";0,373
"2014-06-08 00:15:00";0,459
"2014-06-08 00:30:00";0,452
"2014-06-08 00:45:00";0,435
"2014-06-08 01:00:00";0,429
"2014-06-08 01:15:00";0,423
"2014-06-08 01:30:00";0,416
"2014-06-08 01:45:00";0,427
"2014-06-08 02:00:00";0,425
"2014-06-08 02:15:00";0,382
"2014-06-08 02:30:00";0,327
"2014-06-08 02:45:00";0,325
"2014-06-08 03:00:00";0,402
"2014-06-08 03:15:00";0,451
"2014-06-08 03:30:00";0,432
"2014-06-08 03:45:00";0,429
"2014-06-08 04:00:00";0,36
"2014-06-08 04:15:00";0,326
"2014-06-08 04:30:00";0,326
"2014-06-08 04:45:00";0,429
"2014-06-08 05:00:00";0,44
"2014-06-08 05:15:00";0,432
"2014-06-08 05:30:00";0,426
"2014-06-08 05:45:00";0,333
"2014-06-08 06:00:00";0,324
"2014-06-08 06:15:00";0,325
"2014-06-08 06:30:00";0,445
"2014-06-08 06:45:00";0,437
"2014-06-08 07:00:00";0,431
"2014-06-08 07:15:00";3,065
"2014-06-08 07:30:00";3,03
"2014-06-08 07:45:00";3,039
"2014-06-08 08:00:00";3,092
"2014-06-08 08:15:00";0,94
"2014-06-08 08:30:00";1,126
"2014-06-08 08:45:00";0,427
"2014-06-08 09:00:00";0,665
"2014-06-08 09:15:00";0,697
"2014-06-08 09:30:00";0,693
"2014-06-08 09:45:00";0,778
"2014-06-08 10:00:00";0,8
"2014-06-08 10:15:00";0,79
"2014-06-08 10:30:00";0,773
"2014-06-08 10:45:00";0,684
"2014-06-08 11:00:00";3,23
"2014-06-08 11:15:00";3,764
"2014-06-08 11:30:00";3,858
"2014-06-08 11:45:00";3,841
"2014-06-08 12:00:00";3,841
"2014-06-08 12:15:00";3,79
"2014-06-08 12:30:00";3,742
"2014-06-08 12:45:00";3,744
"2014-06-08 13:00:00";3,81
"2014-06-08 13:15:00";3,856
"2014-06-08 13:30:00";3,838
"2014-06-08 13:45:00";3,84
"2014-06-08 14:00:00";3,759
"2014-06-08 14:15:00";3,739
"2014-06-08 14:30:00";3,737
"2014-06-08 14:45:00";3,841
"2014-06-08 15:00:00";3,852
"2014-06-08 15:15:00";3,842
"2014-06-08 15:30:00";5,74
"2014-06-08 15:45:00";6,806
"2014-06-08 16:00:00";2,067
"2014-06-08 16:15:00";0,71
"2014-06-08 16:30:00";0,81
"2014-06-08 16:45:00";0,797
"2014-06-08 17:00:00";2
"2014-06-08 17:15:00";3,789
"2014-06-08 17:30:00";2,152
"2014-06-08 17:45:00";0,685
"2014-06-08 18:00:00";0,755
"2014-06-08 18:15:00";0,805
"2014-06-08 18:30:00";1,598
"2014-06-08 18:45:00";3,785
"2014-06-08 19:00:00";1,232
"2014-06-08 19:15:00";0,689
"2014-06-08 19:30:00";0,689
"2014-06-08 19:45:00";0,819
"2014-06-08 20:00:00";0,716
"2014-06-08 20:15:00";3,518
"2014-06-08 20:30:00";1,423
"2014-06-08 20:45:00";0,792
"2014-06-08 21:00:00";0,786
"2014-06-08 21:15:00";0,778
"2014-06-08 21:30:00";0,778
"2014-06-08 21:45:00";0,716
"2014-06-08 22:00:00";2,3
"2014-06-08 22:15:00";2,247
"2014-06-08 22:30:00";0,691
"2014-06-08 22:45:00";0,809
"2014-06-08 23:00:00";0,498
"2014-06-08 23:15:00";0,423
"2014-06-08 23:30:00";0,418
"2014-06-08 23:45:00";0,412
"2014-06-09 00:00:00";0,361
"2014-06-09 00:15:00";0,325
"2014-06-09 00:30:00";0,325
"2014-06-09 00:45:00";2,314
"2014-06-09 01:00:00";1,188
"2014-06-09 01:15:00";0,434
"2014-06-09 01:30:00";0,422
"2014-06-09 01:45:00";0,415
"2014-06-09 02:00:00";0,41
"2014-06-09 02:15:00";0,354
"2014-06-09 02:30:00";0,324
"2014-06-09 02:45:00";0,324
"2014-06-09 03:00:00";0,322
"2014-06-09 03:15:00";0,436
"2014-06-09 03:30:00";0,436
"2014-06-09 03:45:00";0,424
"2014-06-09 04:00:00";0,416
"2014-06-09 04:15:00";0,41
"2014-06-09 04:30:00";0,357
"2014-06-09 04:45:00";0,322
"2014-06-09 05:00:00";0,32
"2014-06-09 05:15:00";0,319
"2014-06-09 05:30:00";0,425
"2014-06-09 05:45:00";0,433
"2014-06-09 06:00:00";0,42
"2014-06-09 06:15:00";0,415
"2014-06-09 06:30:00";0,411
"2014-06-09 06:45:00";0,365
"2014-06-09 07:00:00";0,323
"2014-06-09 07:15:00";0,321
"2014-06-09 07:30:00";0,322
"2014-06-09 07:45:00";0,415
"2014-06-09 08:00:00";0,434
"2014-06-09 08:15:00";0,42
"2014-06-09 08:30:00";0,413
"2014-06-09 08:45:00";0,408
"2014-06-09 09:00:00";0,68
"2014-06-09 09:15:00";0,691
"2014-06-09 09:30:00";3,437
"2014-06-09 09:45:00";3,464
"2014-06-09 10:00:00";1,557
"2014-06-09 10:15:00";0,803
"2014-06-09 10:30:00";0,787
"2014-06-09 10:45:00";0,781
"2014-06-09 11:00:00";3,359
"2014-06-09 11:15:00";3,849
"2014-06-09 11:30:00";3,81
"2014-06-09 11:45:00";3,814
"2014-06-09 12:00:00";3,822
"2014-06-09 12:15:00";3,899
"2014-06-09 12:30:00";3,91
"2014-06-09 12:45:00";3,9
"2014-06-09 13:00:00";3,896
"2014-06-09 13:15:00";3,903
"2014-06-09 13:30:00";3,856
"2014-06-09 13:45:00";3,805
"2014-06-09 14:00:00";3,803
"2014-06-09 14:15:00";6,503
"2014-06-09 14:30:00";6,683
"2014-06-09 14:45:00";6,694
"2014-06-09 15:00:00";6,747
"2014-06-09 15:15:00";6,758
"2014-06-09 15:30:00";6,786
"2014-06-09 15:45:00";5,671
"2014-06-09 16:00:00";1,49
"2014-06-09 16:15:00";3,574
"2014-06-09 16:30:00";3,342
"2014-06-09 16:45:00";1,074
"2014-06-09 17:00:00";2,958
"2014-06-09 17:15:00";2,074
"2014-06-09 17:30:00";0,797
"2014-06-09 17:45:00";0,787
"2014-06-09 18:00:00";0,775
"2014-06-09 18:15:00";0,771
"2014-06-09 18:30:00";0,766
"2014-06-09 18:45:00";0,767
"2014-06-09 19:00:00";0,769
"2014-06-09 19:15:00";0,763
"2014-06-09 19:30:00";0,697
"2014-06-09 19:45:00";0,668
"2014-06-09 20:00:00";0,668
"2014-06-09 20:15:00";0,79
"2014-06-09 20:30:00";0,785
"2014-06-09 20:45:00";0,775
"2014-06-09 21:00:00";0,765
"2014-06-09 21:15:00";0,668
"2014-06-09 21:30:00";0,664
"2014-06-09 21:45:00";0,683
"2014-06-09 22:00:00";0,79
"2014-06-09 22:15:00";0,778
"2014-06-09 22:30:00";0,775
"2014-06-09 22:45:00";0,757
"2014-06-09 23:00:00";0,369
"2014-06-09 23:15:00";0,306
"2014-06-09 23:30:00";0,33
"2014-06-09 23:45:00";0,427
"2014-06-10 00:00:00";0,415
"2014-06-10 00:15:00";0,413
"2014-06-10 00:30:00";0,382
"2014-06-10 00:45:00";0,306
"2014-06-10 01:00:00";0,304
"2014-06-10 01:15:00";0,342
"2014-06-10 01:30:00";0,425
"2014-06-10 01:45:00";0,41
"2014-06-10 02:00:00";0,407
"2014-06-10 02:15:00";0,359
"2014-06-10 02:30:00";0,304
"2014-06-10 02:45:00";0,302
"2014-06-10 03:00:00";0,363
"2014-06-10 03:15:00";0,422
"2014-06-10 03:30:00";0,409
"2014-06-10 03:45:00";0,407
"2014-06-10 04:00:00";0,337
"2014-06-10 04:15:00";0,304
"2014-06-10 04:30:00";0,303
"2014-06-10 04:45:00";0,389
"2014-06-10 05:00:00";0,417
"2014-06-10 05:15:00";0,409
"2014-06-10 05:30:00";0,403
"2014-06-10 05:45:00";0,313
"2014-06-10 06:00:00";0,301
"2014-06-10 06:15:00";0,301
"2014-06-10 06:30:00";0,416
"2014-06-10 06:45:00";0,414
"2014-06-10 07:00:00";0,407
"2014-06-10 07:15:00";0,381
"2014-06-10 07:30:00";0,303
"2014-06-10 07:45:00";0,304
"2014-06-10 08:00:00";0,329
"2014-06-10 08:15:00";0,423
"2014-06-10 08:30:00";0,41
"2014-06-10 08:45:00";0,406
"2014-06-10 09:00:00";0,661
"2014-06-10 09:15:00";0,675
"2014-06-10 09:30:00";1,156
"2014-06-10 09:45:00";2,877
"2014-06-10 10:00:00";0,786
"2014-06-10 10:15:00";0,773
"2014-06-10 10:30:00";0,77
"2014-06-10 10:45:00";0,682
"2014-06-10 11:00:00";3,264
"2014-06-10 11:15:00";3,801
"2014-06-10 11:30:00";3,908
"2014-06-10 11:45:00";3,915
"2014-06-10 12:00:00";3,906
"2014-06-10 12:15:00";3,881
"2014-06-10 12:30:00";3,798
"2014-06-10 12:45:00";3,795
"2014-06-10 13:00:00";3,82
"2014-06-10 13:15:00";3,928
"2014-06-10 13:30:00";3,82
"2014-06-10 13:45:00";3,913
"2014-06-10 14:00:00";3,902
"2014-06-10 14:15:00";3,888
"2014-06-10 14:30:00";3,882
"2014-06-10 14:45:00";3,873
"2014-06-10 15:00:00";3,88
"2014-06-10 15:15:00";3,825
"2014-06-10 15:30:00";3,792
"2014-06-10 15:45:00";3,792
"2014-06-10 16:00:00";1,211
"2014-06-10 16:15:00";0,772
"2014-06-10 16:30:00";1,618
"2014-06-10 16:45:00";3,849
"2014-06-10 17:00:00";3,131
"2014-06-10 17:15:00";0,749
"2014-06-10 17:30:00";0,697
"2014-06-10 17:45:00";0,665
"2014-06-10 18:00:00";0,665
"2014-06-10 18:15:00";0,664
"2014-06-10 18:30:00";0,969
"2014-06-10 18:45:00";3,754
"2014-06-10 19:00:00";2,177
"2014-06-10 19:15:00";0,755
"2014-06-10 19:30:00";0,752
"2014-06-10 19:45:00";0,676
"2014-06-10 20:00:00";0,666
"2014-06-10 20:15:00";0,667
"2014-06-10 20:30:00";2,527
"2014-06-10 20:45:00";2,012
"2014-06-10 21:00:00";0,773
"2014-06-10 21:15:00";0,765
"2014-06-10 21:30:00";0,758
"2014-06-10 21:45:00";0,743
"2014-06-10 22:00:00";0,67
"2014-06-10 22:15:00";0,67
"2014-06-10 22:30:00";0,671
"2014-06-10 22:45:00";0,713
"2014-06-10 23:00:00";0,485
"2014-06-10 23:15:00";0,402
"2014-06-10 23:30:00";0,396
"2014-06-10 23:45:00";0,39
"2014-06-11 00:00:00";0,365
"2014-06-11 00:15:00";0,301
"2014-06-11 00:30:00";0,302
"2014-06-11 00:45:00";0,301
"2014-06-11 01:00:00";0,357
"2014-06-11 01:15:00";0,419
"2014-06-11 01:30:00";0,401
"2014-06-11 01:45:00";0,399
"2014-06-11 02:00:00";0,392
"2014-06-11 02:15:00";0,359
"2014-06-11 02:30:00";0,304
"2014-06-11 02:45:00";0,302
"2014-06-11 03:00:00";0,303
"2014-06-11 03:15:00";0,371
"2014-06-11 03:30:00";0,42
"2014-06-11 03:45:00";0,402
"2014-06-11 04:00:00";0,399
"2014-06-11 04:15:00";0,392
"2014-06-11 04:30:00";0,347
"2014-06-11 04:45:00";0,304
"2014-06-11 05:00:00";0,301
"2014-06-11 05:15:00";0,302
"2014-06-11 05:30:00";0,387
"2014-06-11 05:45:00";0,415
"2014-06-11 06:00:00";0,398
"2014-06-11 06:15:00";0,393
"2014-06-11 06:30:00";0,388
"2014-06-11 06:45:00";0,328
"2014-06-11 07:00:00";0,301
"2014-06-11 07:15:00";0,303
"2014-06-11 07:30:00";0,301
"2014-06-11 07:45:00";0,406
"2014-06-11 08:00:00";0,41
"2014-06-11 08:15:00";0,397
"2014-06-11 08:30:00";0,392
"2014-06-11 08:45:00";0,394
"2014-06-11 09:00:00";0,628
"2014-06-11 09:15:00";0,671
"2014-06-11 09:30:00";3,445
"2014-06-11 09:45:00";2,031
"2014-06-11 10:00:00";1,084
"2014-06-11 10:15:00";0,842
"2014-06-11 10:30:00";0,764
"2014-06-11 10:45:00";0,794
"2014-06-11 11:00:00";3,374
"2014-06-11 11:15:00";3,892
"2014-06-11 11:30:00";3,889
"2014-06-11 11:45:00";3,883
"2014-06-11 12:00:00";3,876
"2014-06-11 12:15:00";3,889
"2014-06-11 12:30:00";4,435
"2014-06-11 12:45:00";7,345
"2014-06-11 13:00:00";7,404
"2014-06-11 13:15:00";7,31
"2014-06-11 13:30:00";7,108
"2014-06-11 13:45:00";7,165
"2014-06-11 14:00:00";5,374
"2014-06-11 14:15:00";7,133
"2014-06-11 14:30:00";7,088
"2014-06-11 14:45:00";5,523
"2014-06-11 15:00:00";7,054
"2014-06-11 15:15:00";7,361
"2014-06-11 15:30:00";7,497
"2014-06-11 15:45:00";7,524
"2014-06-11 16:00:00";4,948
"2014-06-11 16:15:00";4,226
"2014-06-11 16:30:00";4,206
"2014-06-11 16:45:00";3,765
"2014-06-11 17:00:00";3,826
"2014-06-11 17:15:00";1,025
"2014-06-11 17:30:00";3,361
"2014-06-11 17:45:00";3,717
"2014-06-11 18:00:00";0,809
"2014-06-11 18:15:00";3,247
"2014-06-11 18:30:00";3,222
"2014-06-11 18:45:00";0,901
"2014-06-11 19:00:00";3,412
"2014-06-11 19:15:00";0,681
"2014-06-11 19:30:00";0,665
"2014-06-11 19:45:00";0,659
"2014-06-11 20:00:00";0,652
"2014-06-11 20:15:00";0,687
"2014-06-11 20:30:00";0,673
"2014-06-11 20:45:00";0,673
"2014-06-11 21:00:00";0,676
"2014-06-11 21:15:00";0,672
"2014-06-11 21:30:00";0,629
"2014-06-11 21:45:00";0,582
"2014-06-11 22:00:00";0,58
"2014-06-11 22:15:00";0,582
"2014-06-11 22:30:00";0,643
"2014-06-11 22:45:00";0,697
"2014-06-11 23:00:00";0,382
"2014-06-11 23:15:00";0,317
"2014-06-11 23:30:00";0,308
"2014-06-11 23:45:00";0,272
"2014-06-12 00:00:00";0,22
"2014-06-12 00:15:00";0,217
"2014-06-12 00:30:00";0,218
"2014-06-12 00:45:00";0,288
"2014-06-12 01:00:00";0,334
"2014-06-12 01:15:00";0,317
"2014-06-12 01:30:00";0,313
"2014-06-12 01:45:00";0,307
"2014-06-12 02:00:00";0,266
"2014-06-12 02:15:00";0,22
"2014-06-12 02:30:00";0,218
"2014-06-12 02:45:00";0,22
"2014-06-12 03:00:00";0,3
"2014-06-12 03:15:00";0,333
"2014-06-12 03:30:00";0,319
"2014-06-12 03:45:00";0,313
"2014-06-12 04:00:00";0,308
"2014-06-12 04:15:00";0,267
"2014-06-12 04:30:00";0,22
"2014-06-12 04:45:00";0,217
"2014-06-12 05:00:00";0,218
"2014-06-12 05:15:00";0,301
"2014-06-12 05:30:00";0,332
"2014-06-12 05:45:00";0,317
"2014-06-12 06:00:00";0,31
"2014-06-12 06:15:00";0,305
"2014-06-12 06:30:00";0,272
"2014-06-12 06:45:00";0,218
"2014-06-12 07:00:00";0,216
"2014-06-12 07:15:00";0,217
"2014-06-12 07:30:00";0,291
"2014-06-12 07:45:00";0,332
"2014-06-12 08:00:00";0,315
"2014-06-12 08:15:00";0,31
"2014-06-12 08:30:00";0,304
"2014-06-12 08:45:00";0,282
"2014-06-12 09:00:00";0,524
"2014-06-12 09:15:00";0,587
"2014-06-12 09:30:00";3,325
"2014-06-12 09:45:00";3,421
"2014-06-12 10:00:00";0,807
"2014-06-12 10:15:00";3,014
"2014-06-12 10:30:00";0,716
"2014-06-12 10:45:00";0,669
"2014-06-12 11:00:00";3,209
"2014-06-12 11:15:00";3,703
"2014-06-12 11:30:00";3,697
"2014-06-12 11:45:00";3,668
"2014-06-12 12:00:00";3,743
"2014-06-12 12:15:00";3,771
"2014-06-12 12:30:00";3,756
"2014-06-12 12:45:00";3,74
"2014-06-12 13:00:00";3,731
"2014-06-12 13:15:00";3,688
"2014-06-12 13:30:00";3,646
"2014-06-12 13:45:00";3,649
"2014-06-12 14:00:00";3,648
"2014-06-12 14:15:00";6,688
"2014-06-12 14:30:00";6,766
"2014-06-12 14:45:00";6,777
"2014-06-12 15:00:00";6,835
"2014-06-12 15:15:00";5,499
"2014-06-12 15:30:00";3,649
"2014-06-12 15:45:00";3,648
"2014-06-12 16:00:00";1,121
"2014-06-12 16:15:00";0,654
"2014-06-12 16:30:00";0,985
"2014-06-12 16:45:00";0,667
"2014-06-12 17:00:00";0,706
"2014-06-12 17:15:00";3,809
"2014-06-12 17:30:00";3,812
"2014-06-12 17:45:00";3,776
"2014-06-12 18:00:00";3,76
"2014-06-12 18:15:00";0,887
"2014-06-12 18:30:00";3,476
"2014-06-12 18:45:00";4,19
"2014-06-12 19:00:00";4,406
"2014-06-12 19:15:00";4,29
"2014-06-12 19:30:00";4,213
"2014-06-12 19:45:00";4,316
"2014-06-12 20:00:00";4,286
"2014-06-12 20:15:00";4,184
"2014-06-12 20:30:00";3,638
"2014-06-12 20:45:00";2,22
"2014-06-12 21:00:00";0,824
"2014-06-12 21:15:00";3,537
"2014-06-12 21:30:00";2,314
"2014-06-12 21:45:00";0,924
"2014-06-12 22:00:00";3,362
"2014-06-12 22:15:00";0,563
"2014-06-12 22:30:00";1,603
"2014-06-12 22:45:00";2,524
"2014-06-12 23:00:00";1,725
"2014-06-12 23:15:00";0,239
"2014-06-12 23:30:00";2,349
"2014-06-12 23:45:00";0,357
"2014-06-13 00:00:00";0,161
"2014-06-13 00:15:00";1,111
"2014-06-13 00:30:00";0,31
"2014-06-13 00:45:00";0,257
"2014-06-13 01:00:00";0,25
"2014-06-13 01:15:00";0,224
"2014-06-13 01:30:00";0,161
"2014-06-13 01:45:00";0,161
"2014-06-13 02:00:00";0,161
"2014-06-13 02:15:00";0,216
"2014-06-13 02:30:00";0,274
"2014-06-13 02:45:00";0,258
"2014-06-13 03:00:00";0,256
"2014-06-13 03:15:00";0,248
"2014-06-13 03:30:00";0,189
"2014-06-13 03:45:00";0,162
"2014-06-13 04:00:00";0,161
"2014-06-13 04:15:00";0,16
"2014-06-13 04:30:00";0,266
"2014-06-13 04:45:00";0,269
"2014-06-13 05:00:00";0,258
"2014-06-13 05:15:00";0,249
"2014-06-13 05:30:00";0,24
"2014-06-13 05:45:00";0,167
"2014-06-13 06:00:00";0,162
"2014-06-13 06:15:00";0,16
"2014-06-13 06:30:00";0,199
"2014-06-13 06:45:00";0,276
"2014-06-13 07:00:00";0,26
"2014-06-13 07:15:00";0,254
"2014-06-13 07:30:00";0,247
"2014-06-13 07:45:00";0,198
"2014-06-13 08:00:00";0,16
"2014-06-13 08:15:00";0,158
"2014-06-13 08:30:00";0,159
"2014-06-13 08:45:00";0,249
"2014-06-13 09:00:00";0,58
"2014-06-13 09:15:00";0,626
"2014-06-13 09:30:00";0,616
"2014-06-13 09:45:00";0,611
"2014-06-13 10:00:00";0,535
"2014-06-13 10:15:00";0,524
"2014-06-13 10:30:00";0,523
"2014-06-13 10:45:00";0,53
"2014-06-13 11:00:00";3,164
"2014-06-13 11:15:00";3,69
"2014-06-13 11:30:00";3,677
"2014-06-13 11:45:00";3,677
"2014-06-13 12:00:00";3,667
"2014-06-13 12:15:00";3,588
"2014-06-13 12:30:00";3,586
"2014-06-13 12:45:00";3,584
"2014-06-13 13:00:00";3,621
"2014-06-13 13:15:00";3,693
"2014-06-13 13:30:00";5,317
"2014-06-13 13:45:00";6,786
"2014-06-13 14:00:00";6,842
"2014-06-13 14:15:00";7,061
"2014-06-13 14:30:00";7,154
"2014-06-13 14:45:00";7,081
"2014-06-13 15:00:00";7,124
"2014-06-13 15:15:00";7,107
"2014-06-13 15:30:00";7,068
"2014-06-13 15:45:00";6,96
"2014-06-13 16:00:00";4,494
"2014-06-13 16:15:00";3,864
"2014-06-13 16:30:00";4,024
"2014-06-13 16:45:00";3,992
"2014-06-13 17:00:00";1,829
"2014-06-13 17:15:00";2,759
"2014-06-13 17:30:00";3,963
"2014-06-13 17:45:00";3,842
"2014-06-13 18:00:00";3,689
"2014-06-13 18:15:00";3,552
"2014-06-13 18:30:00";1,051
"2014-06-13 18:45:00";1,883
"2014-06-13 19:00:00";3,635
"2014-06-13 19:15:00";1,234
"2014-06-13 19:30:00";1,548
"2014-06-13 19:45:00";0,684
"2014-06-13 20:00:00";0,546
"2014-06-13 20:15:00";0,544
"2014-06-13 20:30:00";0,545
"2014-06-13 20:45:00";0,631
"2014-06-13 21:00:00";0,652
"2014-06-13 21:15:00";0,64
"2014-06-13 21:30:00";0,634
"2014-06-13 21:45:00";0,63
"2014-06-13 22:00:00";0,548
"2014-06-13 22:15:00";0,545
"2014-06-13 22:30:00";0,545
"2014-06-13 22:45:00";0,563
"2014-06-13 23:00:00";0,361
"2014-06-13 23:15:00";0,286
"2014-06-13 23:30:00";0,279
"2014-06-13 23:45:00";0,273
"2014-06-14 00:00:00";0,241
"2014-06-14 00:15:00";0,182
"2014-06-14 00:30:00";0,182
"2014-06-14 00:45:00";0,182
"2014-06-14 01:00:00";0,243
"2014-06-14 01:15:00";0,296
"2014-06-14 01:30:00";0,279
"2014-06-14 01:45:00";0,278
"2014-06-14 02:00:00";0,27
"2014-06-14 02:15:00";0,215
"2014-06-14 02:30:00";0,183
"2014-06-14 02:45:00";0,182
"2014-06-14 03:00:00";0,181
"2014-06-14 03:15:00";0,278
"2014-06-14 03:30:00";0,292
"2014-06-14 03:45:00";0,28
"2014-06-14 04:00:00";0,274
"2014-06-14 04:15:00";0,27
"2014-06-14 04:30:00";0,194
"2014-06-14 04:45:00";0,183
"2014-06-14 05:00:00";0,182
"2014-06-14 05:15:00";0,189
"2014-06-14 05:30:00";0,3
"2014-06-14 05:45:00";0,288
"2014-06-14 06:00:00";0,279
"2014-06-14 06:15:00";0,273
"2014-06-14 06:30:00";0,258
"2014-06-14 06:45:00";0,182
"2014-06-14 07:00:00";0,182
"2014-06-14 07:15:00";2,854
"2014-06-14 07:30:00";2,913
"2014-06-14 07:45:00";2,99
"2014-06-14 08:00:00";2,524
"2014-06-14 08:15:00";0,276
"2014-06-14 08:30:00";2,567
"2014-06-14 08:45:00";0,198
"2014-06-14 09:00:00";2,956
"2014-06-14 09:15:00";4,223
"2014-06-14 09:30:00";3,756
"2014-06-14 09:45:00";4,14
"2014-06-14 10:00:00";4,513
"2014-06-14 10:15:00";4,508
"2014-06-14 10:30:00";4,481
"2014-06-14 10:45:00";4,521
"2014-06-14 11:00:00";6,993
"2014-06-14 11:15:00";7,214
"2014-06-14 11:30:00";5,56
"2014-06-14 11:45:00";7,462
"2014-06-14 12:00:00";7,282
"2014-06-14 12:15:00";3,844
"2014-06-14 12:30:00";3,681
"2014-06-14 12:45:00";3,671
"2014-06-14 13:00:00";3,665
"2014-06-14 13:15:00";3,658
"2014-06-14 13:30:00";3,617
"2014-06-14 13:45:00";3,571
"2014-06-14 14:00:00";3,568
"2014-06-14 14:15:00";6,515
"2014-06-14 14:30:00";5,816
"2014-06-14 14:45:00";3,866
"2014-06-14 15:00:00";6,131
"2014-06-14 15:15:00";7,133
"2014-06-14 15:30:00";4,552
"2014-06-14 15:45:00";4,474
"2014-06-14 16:00:00";2,002
"2014-06-14 16:15:00";1,418
"2014-06-14 16:30:00";1,451
"2014-06-14 16:45:00";1,49
"2014-06-14 17:00:00";1,481
"2014-06-14 17:15:00";1,527
"2014-06-14 17:30:00";1,335
"2014-06-14 17:45:00";1,464
"2014-06-14 18:00:00";1,439
"2014-06-14 18:15:00";1,435
"2014-06-14 18:30:00";1,497
"2014-06-14 18:45:00";1,977
"2014-06-14 19:00:00";2,733
"2014-06-14 19:15:00";2,605
"2014-06-14 19:30:00";2,405
"2014-06-14 19:45:00";3,052
"2014-06-14 20:00:00";5,589
"2014-06-14 20:15:00";4,937
"2014-06-14 20:30:00";5,132
"2014-06-14 20:45:00";5,422
"2014-06-14 21:00:00";4,527
"2014-06-14 21:15:00";3,788
"2014-06-14 21:30:00";4,188
"2014-06-14 21:45:00";3,363
"2014-06-14 22:00:00";2,28
"2014-06-14 22:15:00";3,981
"2014-06-14 22:30:00";0,921
"2014-06-14 22:45:00";0,947
"2014-06-14 23:00:00";3,264
"2014-06-14 23:15:00";0,579
"2014-06-14 23:30:00";0,528
"2014-06-14 23:45:00";2,168
"2014-06-15 00:00:00";1,235
"2014-06-15 00:15:00";0,497
"2014-06-15 00:30:00";0,493
"2014-06-15 00:45:00";0,592
"2014-06-15 01:00:00";0,768
"2014-06-15 01:15:00";0,389
"2014-06-15 01:30:00";0,527
"2014-06-15 01:45:00";0,512
"2014-06-15 02:00:00";0,494
"2014-06-15 02:15:00";0,525
"2014-06-15 02:30:00";0,488
"2014-06-15 02:45:00";0,503
"2014-06-15 03:00:00";0,49
"2014-06-15 03:15:00";0,486
"2014-06-15 03:30:00";0,44
"2014-06-15 03:45:00";0,451
"2014-06-15 04:00:00";0,4
"2014-06-15 04:15:00";0,395
"2014-06-15 04:30:00";0,39
"2014-06-15 04:45:00";0,388
"2014-06-15 05:00:00";0,399
"2014-06-15 05:15:00";0,387
"2014-06-15 05:30:00";0,385
"2014-06-15 05:45:00";0,393
"2014-06-15 06:00:00";0,403
"2014-06-15 06:15:00";0,413
"2014-06-15 06:30:00";1,244
"2014-06-15 06:45:00";1,556
"2014-06-15 07:00:00";0,39
"2014-06-15 07:15:00";3,082
"2014-06-15 07:30:00";3,121
"2014-06-15 07:45:00";3,119
"2014-06-15 08:00:00";0,758
"2014-06-15 08:15:00";2,81
"2014-06-15 08:30:00";1,326
"2014-06-15 08:45:00";0,443
"2014-06-15 09:00:00";0,722
"2014-06-15 09:15:00";0,88
"2014-06-15 09:30:00";0,864
"2014-06-15 09:45:00";1,991
"2014-06-15 10:00:00";3,559
"2014-06-15 10:15:00";0,829
"2014-06-15 10:30:00";0,797
"2014-06-15 10:45:00";3,106
"2014-06-15 11:00:00";6,345
"2014-06-15 11:15:00";5,557
"2014-06-15 11:30:00";3,969
"2014-06-15 11:45:00";6,852
"2014-06-15 12:00:00";7,268
"2014-06-15 12:15:00";7,185
"2014-06-15 12:30:00";5,096
"2014-06-15 12:45:00";5,54
"2014-06-15 13:00:00";7,344
"2014-06-15 13:15:00";7,36
"2014-06-15 13:30:00";7,302
"2014-06-15 13:45:00";4,404
"2014-06-15 14:00:00";6,927
"2014-06-15 14:15:00";7,382
"2014-06-15 14:30:00";6,24
"2014-06-15 14:45:00";5,116
"2014-06-15 15:00:00";7,461
"2014-06-15 15:15:00";7,735
"2014-06-15 15:30:00";9,092
"2014-06-15 15:45:00";8,719
"2014-06-15 16:00:00";5,103
"2014-06-15 16:15:00";2,559
"2014-06-15 16:30:00";4,885
"2014-06-15 16:45:00";4,557
"2014-06-15 17:00:00";4,216
"2014-06-15 17:15:00";1,789
"2014-06-15 17:30:00";1,316
"2014-06-15 17:45:00";5,304
"2014-06-15 18:00:00";2,967
"2014-06-15 18:15:00";2,807
"2014-06-15 18:30:00";5,078
"2014-06-15 18:45:00";4,543
"2014-06-15 19:00:00";2,416
"2014-06-15 19:15:00";4,689
"2014-06-15 19:30:00";4,522
"2014-06-15 19:45:00";1,629
"2014-06-15 20:00:00";3,125
"2014-06-15 20:15:00";4,741
"2014-06-15 20:30:00";1,803
"2014-06-15 20:45:00";3,368
"2014-06-15 21:00:00";5,649
"2014-06-15 21:15:00";3,14
"2014-06-15 21:30:00";3,762
"2014-06-15 21:45:00";4,707
"2014-06-15 22:00:00";2,135
"2014-06-15 22:15:00";1,328
"2014-06-15 22:30:00";3,843
"2014-06-15 22:45:00";2,09
"2014-06-15 23:00:00";1,742
"2014-06-15 23:15:00";1,623
"2014-06-15 23:30:00";4,521
"2014-06-15 23:45:00";1,134
"2014-06-16 00:00:00";0,6
"2014-06-16 00:15:00";0,692
"2014-06-16 00:30:00";0,613
"2014-06-16 00:45:00";0,477
"2014-06-16 01:00:00";0,409
"2014-06-16 01:15:00";0,43
"2014-06-16 01:30:00";0,45
"2014-06-16 01:45:00";0,434
"2014-06-16 02:00:00";0,423
"2014-06-16 02:15:00";0,415
"2014-06-16 02:30:00";0,337
"2014-06-16 02:45:00";0,328
"2014-06-16 03:00:00";0,328
"2014-06-16 03:15:00";0,326
"2014-06-16 03:30:00";0,417
"2014-06-16 03:45:00";0,438
"2014-06-16 04:00:00";0,424
"2014-06-16 04:15:00";0,413
"2014-06-16 04:30:00";0,38
"2014-06-16 04:45:00";0,326
"2014-06-16 05:00:00";0,322
"2014-06-16 05:15:00";0,324
"2014-06-16 05:30:00";0,352
"2014-06-16 05:45:00";1,654
"2014-06-16 06:00:00";5,424
"2014-06-16 06:15:00";3,132
"2014-06-16 06:30:00";2,616
"2014-06-16 06:45:00";4,219
"2014-06-16 07:00:00";2,596
"2014-06-16 07:15:00";1,361
"2014-06-16 07:30:00";1,337
"2014-06-16 07:45:00";1,03
"2014-06-16 08:00:00";0,565
"2014-06-16 08:15:00";0,663
"2014-06-16 08:30:00";0,763
"2014-06-16 08:45:00";0,642
"2014-06-16 09:00:00";0,713
"2014-06-16 09:15:00";0,957
"2014-06-16 09:30:00";4
"2014-06-16 09:45:00";1,814
"2014-06-16 10:00:00";0,812
"2014-06-16 10:15:00";2,779
"2014-06-16 10:30:00";2,249
"2014-06-16 10:45:00";0,746
"2014-06-16 11:00:00";3,289
"2014-06-16 11:15:00";5,744
"2014-06-16 11:30:00";5,716
"2014-06-16 11:45:00";7,07
"2014-06-16 12:00:00";6,614
"2014-06-16 12:15:00";3,883
"2014-06-16 12:30:00";6,32
"2014-06-16 12:45:00";7,282
"2014-06-16 13:00:00";4,262
"2014-06-16 13:15:00";7,269
"2014-06-16 13:30:00";7,352
"2014-06-16 13:45:00";4,891
"2014-06-16 14:00:00";6,239
"2014-06-16 14:15:00";7,542
"2014-06-16 14:30:00";8,041
"2014-06-16 14:45:00";7,54
"2014-06-16 15:00:00";7,42
"2014-06-16 15:15:00";7,441
"2014-06-16 15:30:00";7,252
"2014-06-16 15:45:00";6,961
"2014-06-16 16:00:00";4,553
"2014-06-16 16:15:00";2,786
"2014-06-16 16:30:00";0,694
"2014-06-16 16:45:00";3,243
"2014-06-16 17:00:00";3,882
"2014-06-16 17:15:00";1,464
"2014-06-16 17:30:00";0,851
"2014-06-16 17:45:00";3,809
"2014-06-16 18:00:00";3,878
"2014-06-16 18:15:00";1,236
"2014-06-16 18:30:00";0,698
"2014-06-16 18:45:00";0,688
"2014-06-16 19:00:00";0,654
"2014-06-16 19:15:00";0,606
"2014-06-16 19:30:00";0,604
"2014-06-16 19:45:00";0,607
"2014-06-16 20:00:00";0,661
"2014-06-16 20:15:00";0,719
"2014-06-16 20:30:00";0,701
"2014-06-16 20:45:00";0,702
"2014-06-16 21:00:00";0,74
"2014-06-16 21:15:00";0,633
"2014-06-16 21:30:00";0,702
"2014-06-16 21:45:00";0,714
"2014-06-16 22:00:00";0,698
"2014-06-16 22:15:00";0,7
"2014-06-16 22:30:00";0,702
"2014-06-16 22:45:00";0,695
"2014-06-16 23:00:00";0,316
"2014-06-16 23:15:00";0,244
"2014-06-16 23:30:00";0,241
"2014-06-16 23:45:00";0,242
"2014-06-17 00:00:00";0,352
"2014-06-17 00:15:00";0,351
"2014-06-17 00:30:00";0,34
"2014-06-17 00:45:00";0,332
"2014-06-17 01:00:00";0,316
"2014-06-17 01:15:00";0,244
"2014-06-17 01:30:00";0,245
"2014-06-17 01:45:00";0,245
"2014-06-17 02:00:00";0,275
"2014-06-17 02:15:00";0,359
"2014-06-17 02:30:00";0,348
"2014-06-17 02:45:00";0,339
"2014-06-17 03:00:00";0,331
"2014-06-17 03:15:00";0,293
"2014-06-17 03:30:00";0,246
"2014-06-17 03:45:00";0,242
"2014-06-17 04:00:00";0,245
"2014-06-17 04:15:00";0,31
"2014-06-17 04:30:00";0,359
"2014-06-17 04:45:00";0,342
"2014-06-17 05:00:00";0,335
"2014-06-17 05:15:00";0,329
"2014-06-17 05:30:00";0,269
"2014-06-17 05:45:00";0,243
"2014-06-17 06:00:00";0,241
"2014-06-17 06:15:00";0,239
"2014-06-17 06:30:00";0,339
"2014-06-17 06:45:00";0,353
"2014-06-17 07:00:00";0,338
"2014-06-17 07:15:00";0,33
"2014-06-17 07:30:00";0,327
"2014-06-17 07:45:00";0,248
"2014-06-17 08:00:00";0,24
"2014-06-17 08:15:00";0,242
"2014-06-17 08:30:00";0,249
"2014-06-17 08:45:00";0,36
"2014-06-17 09:00:00";0,656
"2014-06-17 09:15:00";1,02
"2014-06-17 09:30:00";4,018
"2014-06-17 09:45:00";4,024
"2014-06-17 10:00:00";4,293
"2014-06-17 10:15:00";3,643
"2014-06-17 10:30:00";1,479
"2014-06-17 10:45:00";4,533
"2014-06-17 11:00:00";5,199
"2014-06-17 11:15:00";6,23
"2014-06-17 11:30:00";7,441
"2014-06-17 11:45:00";4,512
"2014-06-17 12:00:00";6,637
"2014-06-17 12:15:00";7,373
"2014-06-17 12:30:00";6,51
"2014-06-17 12:45:00";4,256
"2014-06-17 13:00:00";7,275
"2014-06-17 13:15:00";7,425
"2014-06-17 13:30:00";7,62
"2014-06-17 13:45:00";7,934
"2014-06-17 14:00:00";7,492
"2014-06-17 14:15:00";7,477
"2014-06-17 14:30:00";7,508
"2014-06-17 14:45:00";7,547
"2014-06-17 15:00:00";7,42
"2014-06-17 15:15:00";4,872
"2014-06-17 15:30:00";7,652
"2014-06-17 15:45:00";7,706
"2014-06-17 16:00:00";3,224
"2014-06-17 16:15:00";3,479
"2014-06-17 16:30:00";4,632
"2014-06-17 16:45:00";4,52
"2014-06-17 17:00:00";2,138
"2014-06-17 17:15:00";3,299
"2014-06-17 17:30:00";4,607
"2014-06-17 17:45:00";3,705
"2014-06-17 18:00:00";2,715
"2014-06-17 18:15:00";4,377
"2014-06-17 18:30:00";4,299
"2014-06-17 18:45:00";3,308
"2014-06-17 19:00:00";0,945
"2014-06-17 19:15:00";3,156
"2014-06-17 19:30:00";3,259
"2014-06-17 19:45:00";1,191
"2014-06-17 20:00:00";3,752
"2014-06-17 20:15:00";3,365
"2014-06-17 20:30:00";1,095
"2014-06-17 20:45:00";3,027
"2014-06-17 21:00:00";3,237
"2014-06-17 21:15:00";1,556
"2014-06-17 21:30:00";4,067
"2014-06-17 21:45:00";2,213
"2014-06-17 22:00:00";0,794
"2014-06-17 22:15:00";1,068
"2014-06-17 22:30:00";3,318
"2014-06-17 22:45:00";0,844
"2014-06-17 23:00:00";0,536
"2014-06-17 23:15:00";2,65
"2014-06-17 23:30:00";0,842
"2014-06-17 23:45:00";0,438
"2014-06-18 00:00:00";0,368
"2014-06-18 00:15:00";1,376
"2014-06-18 00:30:00";1,045
"2014-06-18 00:45:00";0,415
"2014-06-18 01:00:00";0,481
"2014-06-18 01:15:00";0,444
"2014-06-18 01:30:00";0,436
"2014-06-18 01:45:00";0,43
"2014-06-18 02:00:00";0,389
"2014-06-18 02:15:00";0,472
"2014-06-18 02:30:00";0,371
"2014-06-18 02:45:00";0,457
"2014-06-18 03:00:00";0,454
"2014-06-18 03:15:00";0,443
"2014-06-18 03:30:00";0,436
"2014-06-18 03:45:00";2,585
"2014-06-18 04:00:00";0,848
"2014-06-18 04:15:00";0,344
"2014-06-18 04:30:00";0,343
"2014-06-18 04:45:00";0,341
"2014-06-18 05:00:00";0,451
"2014-06-18 05:15:00";0,451
"2014-06-18 05:30:00";0,436
"2014-06-18 05:45:00";0,427
"2014-06-18 06:00:00";0,643
"2014-06-18 06:15:00";2,64
"2014-06-18 06:30:00";0,341
"2014-06-18 06:45:00";0,341
"2014-06-18 07:00:00";0,379
"2014-06-18 07:15:00";0,454
"2014-06-18 07:30:00";0,494
"2014-06-18 07:45:00";0,817
"2014-06-18 08:00:00";1,695
"2014-06-18 08:15:00";0,527
"2014-06-18 08:30:00";2,085
"2014-06-18 08:45:00";0,946
"2014-06-18 09:00:00";0,593
"2014-06-18 09:15:00";0,746
"2014-06-18 09:30:00";3,644
"2014-06-18 09:45:00";0,84
"2014-06-18 10:00:00";0,74
"2014-06-18 10:15:00";0,727
"2014-06-18 10:30:00";0,651
"2014-06-18 10:45:00";0,65
"2014-06-18 11:00:00";3,173
"2014-06-18 11:15:00";3,771
"2014-06-18 11:30:00";3,835
"2014-06-18 11:45:00";3,821
"2014-06-18 12:00:00";3,815
"2014-06-18 12:15:00";3,805
"2014-06-18 12:30:00";3,748
"2014-06-18 12:45:00";3,718
"2014-06-18 13:00:00";4,95
"2014-06-18 13:15:00";7,204
"2014-06-18 13:30:00";7,354
"2014-06-18 13:45:00";5,78
"2014-06-18 14:00:00";5
"2014-06-18 14:15:00";7,332
"2014-06-18 14:30:00";7,35
"2014-06-18 14:45:00";7,333
"2014-06-18 15:00:00";7,236
"2014-06-18 15:15:00";7,299
"2014-06-18 15:30:00";7,332
"2014-06-18 15:45:00";7,281
"2014-06-18 16:00:00";4,838
"2014-06-18 16:15:00";4,267
"2014-06-18 16:30:00";2,683
"2014-06-18 16:45:00";2,778
"2014-06-18 17:00:00";4,145
"2014-06-18 17:15:00";4,129
"2014-06-18 17:30:00";2,382
"2014-06-18 17:45:00";2,649
"2014-06-18 18:00:00";3,921
"2014-06-18 18:15:00";2,009
"2014-06-18 18:30:00";3,991
"2014-06-18 18:45:00";2,386
"2014-06-18 19:00:00";2,433
"2014-06-18 19:15:00";4,324
"2014-06-18 19:30:00";2,795
"2014-06-18 19:45:00";1,264
"2014-06-18 20:00:00";3,913
"2014-06-18 20:15:00";2,746
"2014-06-18 20:30:00";1,868
"2014-06-18 20:45:00";5,251
"2014-06-18 21:00:00";1,971
"2014-06-18 21:15:00";3,797
"2014-06-18 21:30:00";3,053
"2014-06-18 21:45:00";2,027
"2014-06-18 22:00:00";4,489
"2014-06-18 22:15:00";2,001
"2014-06-18 22:30:00";1,985
"2014-06-18 22:45:00";5,115
"2014-06-18 23:00:00";2,838
"2014-06-18 23:15:00";1,218
"2014-06-18 23:30:00";2,501
"2014-06-18 23:45:00";0,545
"2014-06-19 00:00:00";0,876
"2014-06-19 00:15:00";1,468
"2014-06-19 00:30:00";0,211
"2014-06-19 00:45:00";0,212
"2014-06-19 01:00:00";0,291
"2014-06-19 01:15:00";0,303
"2014-06-19 01:30:00";0,292
"2014-06-19 01:45:00";0,289
"2014-06-19 02:00:00";0,283
"2014-06-19 02:15:00";0,216
"2014-06-19 02:30:00";0,197
"2014-06-19 02:45:00";0,197
"2014-06-19 03:00:00";0,196
"2014-06-19 03:15:00";0,301
"2014-06-19 03:30:00";0,306
"2014-06-19 03:45:00";0,287
"2014-06-19 04:00:00";0,271
"2014-06-19 04:15:00";0,264
"2014-06-19 04:30:00";0,184
"2014-06-19 04:45:00";0,184
"2014-06-19 05:00:00";0,183
"2014-06-19 05:15:00";0,209
"2014-06-19 05:30:00";0,298
"2014-06-19 05:45:00";0,285
"2014-06-19 06:00:00";0,284
"2014-06-19 06:15:00";0,286
"2014-06-19 06:30:00";0,314
"2014-06-19 06:45:00";0,214
"2014-06-19 07:00:00";0,287
"2014-06-19 07:15:00";0,281
"2014-06-19 07:30:00";0,275
"2014-06-19 07:45:00";0,276
"2014-06-19 08:00:00";0,314
"2014-06-19 08:15:00";0,601
"2014-06-19 08:30:00";1,929
"2014-06-19 08:45:00";0,642
"2014-06-19 09:00:00";2,82
"2014-06-19 09:15:00";4,243
"2014-06-19 09:30:00";1,441
"2014-06-19 09:45:00";2,19
"2014-06-19 10:00:00";4,615
"2014-06-19 10:15:00";1,81
"2014-06-19 10:30:00";3,324
"2014-06-19 10:45:00";2,182
"2014-06-19 11:00:00";6,257
"2014-06-19 11:15:00";7,179
"2014-06-19 11:30:00";4,655
"2014-06-19 11:45:00";7,156
"2014-06-19 12:00:00";4,829
"2014-06-19 12:15:00";4,596
"2014-06-19 12:30:00";5,404
"2014-06-19 12:45:00";4,99
"2014-06-19 13:00:00";6,52
"2014-06-19 13:15:00";7,949
"2014-06-19 13:30:00";7,708
"2014-06-19 13:45:00";7,366
"2014-06-19 14:00:00";6,654
"2014-06-19 14:15:00";3,737
"2014-06-19 14:30:00";3,731
"2014-06-19 14:45:00";5,719
"2014-06-19 15:00:00";6,19
"2014-06-19 15:15:00";3,925
"2014-06-19 15:30:00";3,943
"2014-06-19 15:45:00";4,531
"2014-06-19 16:00:00";4,677
"2014-06-19 16:15:00";4,114
"2014-06-19 16:30:00";1,962
"2014-06-19 16:45:00";1,112
"2014-06-19 17:00:00";3,846
"2014-06-19 17:15:00";3,839
"2014-06-19 17:30:00";3,888
"2014-06-19 17:45:00";2,842
"2014-06-19 18:00:00";1,082
"2014-06-19 18:15:00";4,076
"2014-06-19 18:30:00";4,162
"2014-06-19 18:45:00";1,209
"2014-06-19 19:00:00";3,46
"2014-06-19 19:15:00";3,709
"2014-06-19 19:30:00";0,88
"2014-06-19 19:45:00";3,076
"2014-06-19 20:00:00";3,552
"2014-06-19 20:15:00";0,968
"2014-06-19 20:30:00";2,755
"2014-06-19 20:45:00";4,081
"2014-06-19 21:00:00";1,249
"2014-06-19 21:15:00";3,528
"2014-06-19 21:30:00";2,161
"2014-06-19 21:45:00";1,423
"2014-06-19 22:00:00";4,036
"2014-06-19 22:15:00";1,354
"2014-06-19 22:30:00";1,753
"2014-06-19 22:45:00";3,038
"2014-06-19 23:00:00";0,574
"2014-06-19 23:15:00";1,144
"2014-06-19 23:30:00";2,596
"2014-06-19 23:45:00";0,358
"2014-06-20 00:00:00";0,359
"2014-06-20 00:15:00";1,502
"2014-06-20 00:30:00";0,533
"2014-06-20 00:45:00";0,458
"2014-06-20 01:00:00";0,455
"2014-06-20 01:15:00";0,448
"2014-06-20 01:30:00";0,48
"2014-06-20 01:45:00";0,439
"2014-06-20 02:00:00";0,438
"2014-06-20 02:15:00";0,457
"2014-06-20 02:30:00";0,424
"2014-06-20 02:45:00";0,459
"2014-06-20 03:00:00";0,469
"2014-06-20 03:15:00";0,452
"2014-06-20 03:30:00";0,414
"2014-06-20 03:45:00";0,36
"2014-06-20 04:00:00";0,356
"2014-06-20 04:15:00";0,357
"2014-06-20 04:30:00";0,41
"2014-06-20 04:45:00";0,469
"2014-06-20 05:00:00";0,454
"2014-06-20 05:15:00";0,448
"2014-06-20 05:30:00";0,408
"2014-06-20 05:45:00";0,292
"2014-06-20 06:00:00";0,309
"2014-06-20 06:15:00";0,395
"2014-06-20 06:30:00";0,395
"2014-06-20 06:45:00";0,486
"2014-06-20 07:00:00";1,004
"2014-06-20 07:15:00";1,171
"2014-06-20 07:30:00";0,643
"2014-06-20 07:45:00";0,435
"2014-06-20 08:00:00";0,32
"2014-06-20 08:15:00";0,318
"2014-06-20 08:30:00";0,317
"2014-06-20 08:45:00";0,339
"2014-06-20 09:00:00";0,737
"2014-06-20 09:15:00";0,79
"2014-06-20 09:30:00";2,876
"2014-06-20 09:45:00";2,035
"2014-06-20 10:00:00";0,732
"2014-06-20 10:15:00";0,684
"2014-06-20 10:30:00";0,681
"2014-06-20 10:45:00";0,684
"2014-06-20 11:00:00";3,262
"2014-06-20 11:15:00";3,872
"2014-06-20 11:30:00";3,851
"2014-06-20 11:45:00";3,851
"2014-06-20 12:00:00";3,842
"2014-06-20 12:15:00";3,777
"2014-06-20 12:30:00";3,772
"2014-06-20 12:45:00";3,775
"2014-06-20 13:00:00";3,766
"2014-06-20 13:15:00";3,859
"2014-06-20 13:30:00";3,86
"2014-06-20 13:45:00";3,843
"2014-06-20 14:00:00";3,833
"2014-06-20 14:15:00";6,991
"2014-06-20 14:30:00";7,041
"2014-06-20 14:45:00";7,072
"2014-06-20 15:00:00";7,075
"2014-06-20 15:15:00";7,088
"2014-06-20 15:30:00";7,17
"2014-06-20 15:45:00";6,908
"2014-06-20 16:00:00";1,336
"2014-06-20 16:15:00";0,767
"2014-06-20 16:30:00";0,723
"2014-06-20 16:45:00";0,679
"2014-06-20 17:00:00";0,676
"2014-06-20 17:15:00";3,871
"2014-06-20 17:30:00";3,95
"2014-06-20 17:45:00";4,027
"2014-06-20 18:00:00";4,236
"2014-06-20 18:15:00";5,149
"2014-06-20 18:30:00";4,689
"2014-06-20 18:45:00";4,007
"2014-06-20 19:00:00";3,921
"2014-06-20 19:15:00";1,158
"2014-06-20 19:30:00";3,096
"2014-06-20 19:45:00";3,516
"2014-06-20 20:00:00";0,68
"2014-06-20 20:15:00";2,826
"2014-06-20 20:30:00";2,438
"2014-06-20 20:45:00";1,619
"2014-06-20 21:00:00";3,145
"2014-06-20 21:15:00";0,978
"2014-06-20 21:30:00";2,736
"2014-06-20 21:45:00";0,869
"2014-06-20 22:00:00";3,459
"2014-06-20 22:15:00";0,806
"2014-06-20 22:30:00";3,353
"2014-06-20 22:45:00";1,428
"2014-06-20 23:00:00";0,39
"2014-06-20 23:15:00";1,131
"2014-06-20 23:30:00";2,604
"2014-06-20 23:45:00";0,375
"2014-06-21 00:00:00";0,368
"2014-06-21 00:15:00";2,781
"2014-06-21 00:30:00";0,348
"2014-06-21 00:45:00";0,281
"2014-06-21 01:00:00";0,28
"2014-06-21 01:15:00";0,365
"2014-06-21 01:30:00";0,391
"2014-06-21 01:45:00";0,377
"2014-06-21 02:00:00";0,371
"2014-06-21 02:15:00";0,367
"2014-06-21 02:30:00";0,293
"2014-06-21 02:45:00";0,283
"2014-06-21 03:00:00";0,283
"2014-06-21 03:15:00";0,287
"2014-06-21 03:30:00";0,397
"2014-06-21 03:45:00";0,385
"2014-06-21 04:00:00";0,376
"2014-06-21 04:15:00";0,37
"2014-06-21 04:30:00";0,348
"2014-06-21 04:45:00";0,28
"2014-06-21 05:00:00";0,279
"2014-06-21 05:15:00";0,279
"2014-06-21 05:30:00";0,322
"2014-06-21 05:45:00";0,394
"2014-06-21 06:00:00";0,377
"2014-06-21 06:15:00";0,372
"2014-06-21 06:30:00";0,362
"2014-06-21 06:45:00";0,317
"2014-06-21 07:00:00";0,276
"2014-06-21 07:15:00";3,102
"2014-06-21 07:30:00";3,156
"2014-06-21 07:45:00";1,689
"2014-06-21 08:00:00";0,825
"2014-06-21 08:15:00";2,211
"2014-06-21 08:30:00";0,373
"2014-06-21 08:45:00";2,702
"2014-06-21 09:00:00";2,113
"2014-06-21 09:15:00";1,586
"2014-06-21 09:30:00";3,517
"2014-06-21 09:45:00";1,117
"2014-06-21 10:00:00";2,612
"2014-06-21 10:15:00";3,522
"2014-06-21 10:30:00";1,197
"2014-06-21 10:45:00";3,223
"2014-06-21 11:00:00";5,297
"2014-06-21 11:15:00";4,404
"2014-06-21 11:30:00";7,345
"2014-06-21 11:45:00";5,816
"2014-06-21 12:00:00";4,266
"2014-06-21 12:15:00";7,303
"2014-06-21 12:30:00";7,46
"2014-06-21 12:45:00";5,006
"2014-06-21 13:00:00";6,016
"2014-06-21 13:15:00";7,731
"2014-06-21 13:30:00";7,391
"2014-06-21 13:45:00";7,32
"2014-06-21 14:00:00";6,334
"2014-06-21 14:15:00";3,809
"2014-06-21 14:30:00";3,792
"2014-06-21 14:45:00";3,78
"2014-06-21 15:00:00";5,156
"2014-06-21 15:15:00";6,966
"2014-06-21 15:30:00";5,822
"2014-06-21 15:45:00";3,744
"2014-06-21 16:00:00";4,531
"2014-06-21 16:15:00";4,261
"2014-06-21 16:30:00";4,28
"2014-06-21 16:45:00";1,945
"2014-06-21 17:00:00";1,776
"2014-06-21 17:15:00";1,035
"2014-06-21 17:30:00";0,928
"2014-06-21 17:45:00";2,36
"2014-06-21 18:00:00";4,089
"2014-06-21 18:15:00";2,799
"2014-06-21 18:30:00";0,88
"2014-06-21 18:45:00";0,847
"2014-06-21 19:00:00";1,913
"2014-06-21 19:15:00";4,208
"2014-06-21 19:30:00";2,04
"2014-06-21 19:45:00";0,84
"2014-06-21 20:00:00";0,888
"2014-06-21 20:15:00";0,874
"2014-06-21 20:30:00";0,861
"2014-06-21 20:45:00";0,852
"2014-06-21 21:00:00";0,849
"2014-06-21 21:15:00";0,85
"2014-06-21 21:30:00";0,865
"2014-06-21 21:45:00";0,814
"2014-06-21 22:00:00";0,768
"2014-06-21 22:15:00";0,766
"2014-06-21 22:30:00";0,771
"2014-06-21 22:45:00";0,899
"2014-06-21 23:00:00";2,134
"2014-06-21 23:15:00";3,31
"2014-06-21 23:30:00";2,424
"2014-06-21 23:45:00";0,219
"2014-06-22 00:00:00";0,218
"2014-06-22 00:15:00";3,093
"2014-06-22 00:30:00";0,393
"2014-06-22 00:45:00";0,318
"2014-06-22 01:00:00";0,299
"2014-06-22 01:15:00";0,215
"2014-06-22 01:30:00";0,215
"2014-06-22 01:45:00";0,215
"2014-06-22 02:00:00";0,336
"2014-06-22 02:15:00";0,65
"2014-06-22 02:30:00";3,222
"2014-06-22 02:45:00";3,168
"2014-06-22 03:00:00";0,487
"2014-06-22 03:15:00";0,215
"2014-06-22 03:30:00";0,911
"2014-06-22 03:45:00";3,24
"2014-06-22 04:00:00";0,395
"2014-06-22 04:15:00";0,298
"2014-06-22 04:30:00";0,216
"2014-06-22 04:45:00";2,971
"2014-06-22 05:00:00";0,693
"2014-06-22 05:15:00";0,339
"2014-06-22 05:30:00";0,321
"2014-06-22 05:45:00";0,317
"2014-06-22 06:00:00";1,831
"2014-06-22 06:15:00";1,842
"2014-06-22 06:30:00";0,216
"2014-06-22 06:45:00";0,307
"2014-06-22 07:00:00";0,326
"2014-06-22 07:15:00";3,185
"2014-06-22 07:30:00";2,669
"2014-06-22 07:45:00";0,217
"2014-06-22 08:00:00";0,216
"2014-06-22 08:15:00";2,271
"2014-06-22 08:30:00";3,649
"2014-06-22 08:45:00";3,674
"2014-06-22 09:00:00";1,08
"2014-06-22 09:15:00";1,011
"2014-06-22 09:30:00";2,907
"2014-06-22 09:45:00";4,324
"2014-06-22 10:00:00";2,276
"2014-06-22 10:15:00";2,056
"2014-06-22 10:30:00";3,987
"2014-06-22 10:45:00";1,352
"2014-06-22 11:00:00";3,314
"2014-06-22 11:15:00";6,282
"2014-06-22 11:30:00";6,521
"2014-06-22 11:45:00";3,985
"2014-06-22 12:00:00";3,97
"2014-06-22 12:15:00";3,91
"2014-06-22 12:30:00";3,871
"2014-06-22 12:45:00";3,873
"2014-06-22 13:00:00";3,945
"2014-06-22 13:15:00";3,989
"2014-06-22 13:30:00";3,972
"2014-06-22 13:45:00";3,937
"2014-06-22 14:00:00";3,864
"2014-06-22 14:15:00";3,859
"2014-06-22 14:30:00";3,895
"2014-06-22 14:45:00";3,974
"2014-06-22 15:00:00";3,958
"2014-06-22 15:15:00";3,951
"2014-06-22 15:30:00";4,199
"2014-06-22 15:45:00";7,305
"2014-06-22 16:00:00";4,78
"2014-06-22 16:15:00";5,286
"2014-06-22 16:30:00";5,576
"2014-06-22 16:45:00";5,487
"2014-06-22 17:00:00";4,717
"2014-06-22 17:15:00";1,919
"2014-06-22 17:30:00";2,858
"2014-06-22 17:45:00";4,179
"2014-06-22 18:00:00";3,303
"2014-06-22 18:15:00";1,038
"2014-06-22 18:30:00";3,779
"2014-06-22 18:45:00";3,573
"2014-06-22 19:00:00";1,025
"2014-06-22 19:15:00";3,928
"2014-06-22 19:30:00";4,138
"2014-06-22 19:45:00";2,274
"2014-06-22 20:00:00";1,056
"2014-06-22 20:15:00";3,149
"2014-06-22 20:30:00";3,742
"2014-06-22 20:45:00";1,02
"2014-06-22 21:00:00";2,227
"2014-06-22 21:15:00";3,816
"2014-06-22 21:30:00";0,869
"2014-06-22 21:45:00";0,743
"2014-06-22 22:00:00";0,756
"2014-06-22 22:15:00";3,587
"2014-06-22 22:30:00";1,187
"2014-06-22 22:45:00";0,606
"2014-06-22 23:00:00";0,362
"2014-06-22 23:15:00";1,76
"2014-06-22 23:30:00";2,568
"2014-06-22 23:45:00";0,61
"2014-06-23 00:00:00";0,275
"2014-06-23 00:15:00";0,368
"2014-06-23 00:30:00";0,354
"2014-06-23 00:45:00";0,342
"2014-06-23 01:00:00";0,335
"2014-06-23 01:15:00";0,329
"2014-06-23 01:30:00";0,326
"2014-06-23 01:45:00";0,245
"2014-06-23 02:00:00";0,242
"2014-06-23 02:15:00";0,242
"2014-06-23 02:30:00";0,242
"2014-06-23 02:45:00";0,346
"2014-06-23 03:00:00";0,347
"2014-06-23 03:15:00";0,336
"2014-06-23 03:30:00";0,33
"2014-06-23 03:45:00";0,298
"2014-06-23 04:00:00";0,242
"2014-06-23 04:15:00";0,239
"2014-06-23 04:30:00";0,239
"2014-06-23 04:45:00";0,272
"2014-06-23 05:00:00";0,365
"2014-06-23 05:15:00";0,335
"2014-06-23 05:30:00";0,328
"2014-06-23 05:45:00";0,321
"2014-06-23 06:00:00";0,238
"2014-06-23 06:15:00";0,235
"2014-06-23 06:30:00";0,235
"2014-06-23 06:45:00";0,237
"2014-06-23 07:00:00";0,34
"2014-06-23 07:15:00";0,341
"2014-06-23 07:30:00";0,352
"2014-06-23 07:45:00";1,314
"2014-06-23 08:00:00";0,439
"2014-06-23 08:15:00";0,273
"2014-06-23 08:30:00";0,258
"2014-06-23 08:45:00";0,259
"2014-06-23 09:00:00";1,191
"2014-06-23 09:15:00";4,195
"2014-06-23 09:30:00";4,246
"2014-06-23 09:45:00";2,17
"2014-06-23 10:00:00";4,36
"2014-06-23 10:15:00";4,29
"2014-06-23 10:30:00";4,28
"2014-06-23 10:45:00";2,644
"2014-06-23 11:00:00";3,903
"2014-06-23 11:15:00";5,785
"2014-06-23 11:30:00";7,274
"2014-06-23 11:45:00";5,539
"2014-06-23 12:00:00";4,377
"2014-06-23 12:15:00";6,063
"2014-06-23 12:30:00";6,504
"2014-06-23 12:45:00";4,471
"2014-06-23 13:00:00";4,465
"2014-06-23 13:15:00";6,897
"2014-06-23 13:30:00";6,006
"2014-06-23 13:45:00";4,348
"2014-06-23 14:00:00";3,89
"2014-06-23 14:15:00";6,395
"2014-06-23 14:30:00";5,471
"2014-06-23 14:45:00";3,625
"2014-06-23 15:00:00";4,015
"2014-06-23 15:15:00";6,731
"2014-06-23 15:30:00";3,922
"2014-06-23 15:45:00";3,634
"2014-06-23 16:00:00";1,051
"2014-06-23 16:15:00";0,478
"2014-06-23 16:30:00";0,478
"2014-06-23 16:45:00";0,493
"2014-06-23 17:00:00";0,587
"2014-06-23 17:15:00";0,575
"2014-06-23 17:30:00";0,57
"2014-06-23 17:45:00";0,564
"2014-06-23 18:00:00";0,519
"2014-06-23 18:15:00";0,477
"2014-06-23 18:30:00";0,474
"2014-06-23 18:45:00";0,476
"2014-06-23 19:00:00";0,545
"2014-06-23 19:15:00";0,585
"2014-06-23 19:30:00";1,515
"2014-06-23 19:45:00";4,047
"2014-06-23 20:00:00";4,034
"2014-06-23 20:15:00";3,886
"2014-06-23 20:30:00";1,321
"2014-06-23 20:45:00";1,014
"2014-06-23 21:00:00";2,41
"2014-06-23 21:15:00";0,713
"2014-06-23 21:30:00";0,693
"2014-06-23 21:45:00";0,696
"2014-06-23 22:00:00";0,689
"2014-06-23 22:15:00";0,6
"2014-06-23 22:30:00";0,602
"2014-06-23 22:45:00";1,009
"2014-06-23 23:00:00";0,555
"2014-06-23 23:15:00";0,331
"2014-06-23 23:30:00";0,345
"2014-06-23 23:45:00";0,333
"2014-06-24 00:00:00";0,32
"2014-06-24 00:15:00";0,318
"2014-06-24 00:30:00";0,311
"2014-06-24 00:45:00";0,307
"2014-06-24 01:00:00";0,322
"2014-06-24 01:15:00";0,307
"2014-06-24 01:30:00";0,221
"2014-06-24 01:45:00";0,219
"2014-06-24 02:00:00";0,225
"2014-06-24 02:15:00";0,348
"2014-06-24 02:30:00";0,33
"2014-06-24 02:45:00";0,324
"2014-06-24 03:00:00";0,289
"2014-06-24 03:15:00";0,219
"2014-06-24 03:30:00";0,219
"2014-06-24 03:45:00";0,26
"2014-06-24 04:00:00";0,337
"2014-06-24 04:15:00";0,324
"2014-06-24 04:30:00";0,322
"2014-06-24 04:45:00";0,256
"2014-06-24 05:00:00";0,216
"2014-06-24 05:15:00";0,214
"2014-06-24 05:30:00";0,283
"2014-06-24 05:45:00";0,33
"2014-06-24 06:00:00";0,318
"2014-06-24 06:15:00";0,314
"2014-06-24 06:30:00";0,223
"2014-06-24 06:45:00";0,216
"2014-06-24 07:00:00";0,257
"2014-06-24 07:15:00";1,745
"2014-06-24 07:30:00";0,53
"2014-06-24 07:45:00";2,227
"2014-06-24 08:00:00";3,234
"2014-06-24 08:15:00";3,183
"2014-06-24 08:30:00";1,303
"2014-06-24 08:45:00";0,292
"2014-06-24 09:00:00";0,682
"2014-06-24 09:15:00";0,734
"2014-06-24 09:30:00";0,728
"2014-06-24 09:45:00";0,647
"2014-06-24 10:00:00";0,627
"2014-06-24 10:15:00";0,625
"2014-06-24 10:30:00";0,715
"2014-06-24 10:45:00";1,42
"2014-06-24 11:00:00";6,414
"2014-06-24 11:15:00";5,24
"2014-06-24 11:30:00";3,763
"2014-06-24 11:45:00";5,25
"2014-06-24 12:00:00";7,478
"2014-06-24 12:15:00";7,592
"2014-06-24 12:30:00";7,543
"2014-06-24 12:45:00";4,517
"2014-06-24 13:00:00";4,209
"2014-06-24 13:15:00";6,663
"2014-06-24 13:30:00";7,557
"2014-06-24 13:45:00";7,569
"2014-06-24 14:00:00";7,764
"2014-06-24 14:15:00";7,683
"2014-06-24 14:30:00";7,83
"2014-06-24 14:45:00";7,945
"2014-06-24 15:00:00";7,893
"2014-06-24 15:15:00";7,928
"2014-06-24 15:30:00";6,84
"2014-06-24 15:45:00";4,756
"2014-06-24 16:00:00";5,193
"2014-06-24 16:15:00";4,622
"2014-06-24 16:30:00";4,524
"2014-06-24 16:45:00";4,518
"2014-06-24 17:00:00";4,659
"2014-06-24 17:15:00";4,796
"2014-06-24 17:30:00";4,837
"2014-06-24 17:45:00";4,686
"2014-06-24 18:00:00";2,748
"2014-06-24 18:15:00";1,554
"2014-06-24 18:30:00";3,776
"2014-06-24 18:45:00";4,736
"2014-06-24 19:00:00";2,376
"2014-06-24 19:15:00";2,413
"2014-06-24 19:30:00";4,519
"2014-06-24 19:45:00";2,177
"2014-06-24 20:00:00";1,76
"2014-06-24 20:15:00";2,071
"2014-06-24 20:30:00";2,232
"2014-06-24 20:45:00";2,2
"2014-06-24 21:00:00";2,215
"2014-06-24 21:15:00";2,13
"2014-06-24 21:30:00";2,097
"2014-06-24 21:45:00";2,148
"2014-06-24 22:00:00";2,285
"2014-06-24 22:15:00";2,017
"2014-06-24 22:30:00";2,418
"2014-06-24 22:45:00";1,745
"2014-06-24 23:00:00";2,892
"2014-06-24 23:15:00";3,252
"2014-06-24 23:30:00";3,263
"2014-06-24 23:45:00";3,281
"2014-06-25 00:00:00";0,469
"2014-06-25 00:15:00";0,398
"2014-06-25 00:30:00";0,377
"2014-06-25 00:45:00";0,313
"2014-06-25 01:00:00";0,313
"2014-06-25 01:15:00";0,313
"2014-06-25 01:30:00";0,372
"2014-06-25 01:45:00";0,424
"2014-06-25 02:00:00";0,407
"2014-06-25 02:15:00";0,405
"2014-06-25 02:30:00";0,4
"2014-06-25 02:45:00";0,332
"2014-06-25 03:00:00";0,32
"2014-06-25 03:15:00";0,313
"2014-06-25 03:30:00";0,312
"2014-06-25 03:45:00";0,422
"2014-06-25 04:00:00";1,806
"2014-06-25 04:15:00";2,839
"2014-06-25 04:30:00";0,4
"2014-06-25 04:45:00";0,373
"2014-06-25 05:00:00";0,309
"2014-06-25 05:15:00";0,311
"2014-06-25 05:30:00";0,311
"2014-06-25 05:45:00";0,358
"2014-06-25 06:00:00";0,422
"2014-06-25 06:15:00";0,649
"2014-06-25 06:30:00";0,634
"2014-06-25 06:45:00";0,358
"2014-06-25 07:00:00";0,446
"2014-06-25 07:15:00";0,453
"2014-06-25 07:30:00";0,438
"2014-06-25 07:45:00";2,779
"2014-06-25 08:00:00";1,816
"2014-06-25 08:15:00";0,49
"2014-06-25 08:30:00";0,473
"2014-06-25 08:45:00";0,627
"2014-06-25 09:00:00";0,967
"2014-06-25 09:15:00";0,936
"2014-06-25 09:30:00";3,283
"2014-06-25 09:45:00";2,302
"2014-06-25 10:00:00";0,756
"2014-06-25 10:15:00";0,738
"2014-06-25 10:30:00";0,733
"2014-06-25 10:45:00";0,66
"2014-06-25 11:00:00";3,174
"2014-06-25 11:15:00";3,753
"2014-06-25 11:30:00";3,854
"2014-06-25 11:45:00";6,552
"2014-06-25 12:00:00";4,804
"2014-06-25 12:15:00";3,851
"2014-06-25 12:30:00";3,758
"2014-06-25 12:45:00";3,756
"2014-06-25 13:00:00";3,997
"2014-06-25 13:15:00";7,165
"2014-06-25 13:30:00";6,494
"2014-06-25 13:45:00";4,685
"2014-06-25 14:00:00";4,598
"2014-06-25 14:15:00";7,382
"2014-06-25 14:30:00";7,657
"2014-06-25 14:45:00";7,8
"2014-06-25 15:00:00";7,822
"2014-06-25 15:15:00";7,775
"2014-06-25 15:30:00";7,694
"2014-06-25 15:45:00";7,733
"2014-06-25 16:00:00";4,902
"2014-06-25 16:15:00";4,604
"2014-06-25 16:30:00";4,571
"2014-06-25 16:45:00";4,538
"2014-06-25 17:00:00";4,517
"2014-06-25 17:15:00";4,496
"2014-06-25 17:30:00";4,536
"2014-06-25 17:45:00";4,513
"2014-06-25 18:00:00";4,509
"2014-06-25 18:15:00";4,525
"2014-06-25 18:30:00";1,687
"2014-06-25 18:45:00";1,618
"2014-06-25 19:00:00";4,155
"2014-06-25 19:15:00";4,552
"2014-06-25 19:30:00";4,508
"2014-06-25 19:45:00";3,08
"2014-06-25 20:00:00";1,543
"2014-06-25 20:15:00";1,914
"2014-06-25 20:30:00";4,503
"2014-06-25 20:45:00";4,516
"2014-06-25 21:00:00";2,723
"2014-06-25 21:15:00";1,714
"2014-06-25 21:30:00";2,881
"2014-06-25 21:45:00";4,466
"2014-06-25 22:00:00";4,682
"2014-06-25 22:15:00";2,71
"2014-06-25 22:30:00";1,981
"2014-06-25 22:45:00";2,763
"2014-06-25 23:00:00";4,28
"2014-06-25 23:15:00";2,72
"2014-06-25 23:30:00";1,587
"2014-06-25 23:45:00";2,428
"2014-06-26 00:00:00";4,278
"2014-06-26 00:15:00";2,659
"2014-06-26 00:30:00";0,377
"2014-06-26 00:45:00";0,285
"2014-06-26 01:00:00";0,285
"2014-06-26 01:15:00";0,312
"2014-06-26 01:30:00";0,391
"2014-06-26 01:45:00";0,381
"2014-06-26 02:00:00";0,379
"2014-06-26 02:15:00";0,369
"2014-06-26 02:30:00";0,327
"2014-06-26 02:45:00";0,287
"2014-06-26 03:00:00";0,279
"2014-06-26 03:15:00";0,284
"2014-06-26 03:30:00";0,349
"2014-06-26 03:45:00";0,392
"2014-06-26 04:00:00";0,378
"2014-06-26 04:15:00";0,373
"2014-06-26 04:30:00";0,369
"2014-06-26 04:45:00";0,291
"2014-06-26 05:00:00";0,285
"2014-06-26 05:15:00";0,284
"2014-06-26 05:30:00";0,285
"2014-06-26 05:45:00";0,398
"2014-06-26 06:00:00";0,386
"2014-06-26 06:15:00";0,379
"2014-06-26 06:30:00";0,371
"2014-06-26 06:45:00";0,332
"2014-06-26 07:00:00";0,279
"2014-06-26 07:15:00";0,276
"2014-06-26 07:30:00";0,29
"2014-06-26 07:45:00";0,517
"2014-06-26 08:00:00";0,472
"2014-06-26 08:15:00";0,504
"2014-06-26 08:30:00";1,366
"2014-06-26 08:45:00";3,475
"2014-06-26 09:00:00";5,011
"2014-06-26 09:15:00";5,063
"2014-06-26 09:30:00";2,617
"2014-06-26 09:45:00";2,281
"2014-06-26 10:00:00";2,357
"2014-06-26 10:15:00";2,393
"2014-06-26 10:30:00";2,386
"2014-06-26 10:45:00";3,492
"2014-06-26 11:00:00";8,048
"2014-06-26 11:15:00";7,324
"2014-06-26 11:30:00";5,57
"2014-06-26 11:45:00";5,533
"2014-06-26 12:00:00";7,256
"2014-06-26 12:15:00";7,79
"2014-06-26 12:30:00";6,507
"2014-06-26 12:45:00";8,321
"2014-06-26 13:00:00";6,078
"2014-06-26 13:15:00";5,505
"2014-06-26 13:30:00";7,926
"2014-06-26 13:45:00";6,37
"2014-06-26 14:00:00";5,728
"2014-06-26 14:15:00";8,58
"2014-06-26 14:30:00";8,601
"2014-06-26 14:45:00";8,65
"2014-06-26 15:00:00";8,653
"2014-06-26 15:15:00";8,554
"2014-06-26 15:30:00";8,552
"2014-06-26 15:45:00";8,62
"2014-06-26 16:00:00";5,875
"2014-06-26 16:15:00";5,521
"2014-06-26 16:30:00";5,523
"2014-06-26 16:45:00";4,969
"2014-06-26 17:00:00";4,148
"2014-06-26 17:15:00";4,066
"2014-06-26 17:30:00";4,135
"2014-06-26 17:45:00";4,149
"2014-06-26 18:00:00";2,957
"2014-06-26 18:15:00";1,563
"2014-06-26 18:30:00";1,576
"2014-06-26 18:45:00";1,549
"2014-06-26 19:00:00";1,471
"2014-06-26 19:15:00";1,71
"2014-06-26 19:30:00";1,638
"2014-06-26 19:45:00";1,907
"2014-06-26 20:00:00";1,931
"2014-06-26 20:15:00";1,817
"2014-06-26 20:30:00";3,699
"2014-06-26 20:45:00";4,786
"2014-06-26 21:00:00";4,738
"2014-06-26 21:15:00";4,725
"2014-06-26 21:30:00";4,639
"2014-06-26 21:45:00";4,6
"2014-06-26 22:00:00";1,318
"2014-06-26 22:15:00";1,004
"2014-06-26 22:30:00";3,602
"2014-06-26 22:45:00";1,426
"2014-06-26 23:00:00";0,653
"2014-06-26 23:15:00";0,613
"2014-06-26 23:30:00";0,607
"2014-06-26 23:45:00";0,598
"2014-06-27 00:00:00";0,514
"2014-06-27 00:15:00";0,509
"2014-06-27 00:30:00";0,511
"2014-06-27 00:45:00";0,536
"2014-06-27 01:00:00";0,628
"2014-06-27 01:15:00";0,622
"2014-06-27 01:30:00";0,611
"2014-06-27 01:45:00";0,604
"2014-06-27 02:00:00";0,599
"2014-06-27 02:15:00";0,578
"2014-06-27 02:30:00";0,514
"2014-06-27 02:45:00";0,516
"2014-06-27 03:00:00";0,515
"2014-06-27 03:15:00";0,554
"2014-06-27 03:30:00";0,633
"2014-06-27 03:45:00";0,623
"2014-06-27 04:00:00";0,611
"2014-06-27 04:15:00";0,604
"2014-06-27 04:30:00";0,601
"2014-06-27 04:45:00";0,561
"2014-06-27 05:00:00";0,513
"2014-06-27 05:15:00";0,51
"2014-06-27 05:30:00";0,51
"2014-06-27 05:45:00";0,568
"2014-06-27 06:00:00";0,63
"2014-06-27 06:15:00";0,615
"2014-06-27 06:30:00";0,934
"2014-06-27 06:45:00";0,708
"2014-06-27 07:00:00";0,596
"2014-06-27 07:15:00";0,642
"2014-06-27 07:30:00";0,633
"2014-06-27 07:45:00";0,683
"2014-06-27 08:00:00";0,692
"2014-06-27 08:15:00";0,696
"2014-06-27 08:30:00";0,613
"2014-06-27 08:45:00";0,593
"2014-06-27 09:00:00";0,871
"2014-06-27 09:15:00";1,092
"2014-06-27 09:30:00";3,686
"2014-06-27 09:45:00";3,533
"2014-06-27 10:00:00";0,965
"2014-06-27 10:15:00";0,949
"2014-06-27 10:30:00";0,942
"2014-06-27 10:45:00";0,935
"2014-06-27 11:00:00";3,767
"2014-06-27 11:15:00";4,023
"2014-06-27 11:30:00";3,966
"2014-06-27 11:45:00";3,969
"2014-06-27 12:00:00";7,351
"2014-06-27 12:15:00";7,977
"2014-06-27 12:30:00";8,073
"2014-06-27 12:45:00";8,071
"2014-06-27 13:00:00";8,18
"2014-06-27 13:15:00";8,297
"2014-06-27 13:30:00";8,302
"2014-06-27 13:45:00";8,193
"2014-06-27 14:00:00";8,129
"2014-06-27 14:15:00";7,963
"2014-06-27 14:30:00";8,129
"2014-06-27 14:45:00";6,282
"2014-06-27 15:00:00";5,623
"2014-06-27 15:15:00";8,736
"2014-06-27 15:30:00";8,729
"2014-06-27 15:45:00";8,538
"2014-06-27 16:00:00";5,703
"2014-06-27 16:15:00";5,461
"2014-06-27 16:30:00";5,409
"2014-06-27 16:45:00";5,531
"2014-06-27 17:00:00";5,536
"2014-06-27 17:15:00";5,469
"2014-06-27 17:30:00";4,76
"2014-06-27 17:45:00";2,557
"2014-06-27 18:00:00";5,328
"2014-06-27 18:15:00";5,3
"2014-06-27 18:30:00";5,341
"2014-06-27 18:45:00";5,393
"2014-06-27 19:00:00";5,408
"2014-06-27 19:15:00";5,307
"2014-06-27 19:30:00";4,646
"2014-06-27 19:45:00";2,387
"2014-06-27 20:00:00";3,365
"2014-06-27 20:15:00";3,583
"2014-06-27 20:30:00";2,474
"2014-06-27 20:45:00";2,483
"2014-06-27 21:00:00";2,554
"2014-06-27 21:15:00";2,52
"2014-06-27 21:30:00";2,488
"2014-06-27 21:45:00";2,378
"2014-06-27 22:00:00";1,591
"2014-06-27 22:15:00";1,599
"2014-06-27 22:30:00";1,522
"2014-06-27 22:45:00";1,567
"2014-06-27 23:00:00";0,881
"2014-06-27 23:15:00";0,621
"2014-06-27 23:30:00";0,546
"2014-06-27 23:45:00";0,925
"2014-06-28 00:00:00";0,646
"2014-06-28 00:15:00";0,856
"2014-06-28 00:30:00";3,48
"2014-06-28 00:45:00";3,32
"2014-06-28 01:00:00";0,602
"2014-06-28 01:15:00";0,59
"2014-06-28 01:30:00";0,588
"2014-06-28 01:45:00";0,591
"2014-06-28 02:00:00";1,054
"2014-06-28 02:15:00";3,413
"2014-06-28 02:30:00";1,595
"2014-06-28 02:45:00";0,487
"2014-06-28 03:00:00";0,519
"2014-06-28 03:15:00";0,615
"2014-06-28 03:30:00";0,597
"2014-06-28 03:45:00";0,592
"2014-06-28 04:00:00";0,533
"2014-06-28 04:15:00";1,514
"2014-06-28 04:30:00";3,269
"2014-06-28 04:45:00";0,583
"2014-06-28 05:00:00";0,607
"2014-06-28 05:15:00";0,593
"2014-06-28 05:30:00";0,591
"2014-06-28 05:45:00";0,51
"2014-06-28 06:00:00";0,489
"2014-06-28 06:15:00";0,488
"2014-06-28 06:30:00";0,574
"2014-06-28 06:45:00";1,239
"2014-06-28 07:00:00";3,133
"2014-06-28 07:15:00";3,458
"2014-06-28 07:30:00";3,614
"2014-06-28 07:45:00";3,611
"2014-06-28 08:00:00";3,622
"2014-06-28 08:15:00";3,741
"2014-06-28 08:30:00";3,76
"2014-06-28 08:45:00";3,771
"2014-06-28 09:00:00";3,125
"2014-06-28 09:15:00";3,161
"2014-06-28 09:30:00";5,374
"2014-06-28 09:45:00";5,117
"2014-06-28 10:00:00";5,137
"2014-06-28 10:15:00";5,562
"2014-06-28 10:30:00";3,728
"2014-06-28 10:45:00";1,835
"2014-06-28 11:00:00";6,281
"2014-06-28 11:15:00";7,617
"2014-06-28 11:30:00";7,212
"2014-06-28 11:45:00";4,66
"2014-06-28 12:00:00";6,628
"2014-06-28 12:15:00";7,855
"2014-06-28 12:30:00";7,943
"2014-06-28 12:45:00";9,342
"2014-06-28 13:00:00";6,792
"2014-06-28 13:15:00";6,538
"2014-06-28 13:30:00";8,111
"2014-06-28 13:45:00";8,528
"2014-06-28 14:00:00";6,354
"2014-06-28 14:15:00";5,279
"2014-06-28 14:30:00";7,403
"2014-06-28 14:45:00";9,586
"2014-06-28 15:00:00";9,075
"2014-06-28 15:15:00";8,685
"2014-06-28 15:30:00";8,555
"2014-06-28 15:45:00";8,289
"2014-06-28 16:00:00";5,388
"2014-06-28 16:15:00";2,827
"2014-06-28 16:30:00";1,837
"2014-06-28 16:45:00";4,938
"2014-06-28 17:00:00";5,114
"2014-06-28 17:15:00";4,509
"2014-06-28 17:30:00";3,105
"2014-06-28 17:45:00";6,032
"2014-06-28 18:00:00";6,07
"2014-06-28 18:15:00";4,481
"2014-06-28 18:30:00";2,512
"2014-06-28 18:45:00";5,582
"2014-06-28 19:00:00";6,012
"2014-06-28 19:15:00";3,236
"2014-06-28 19:30:00";4,185
"2014-06-28 19:45:00";5,371
"2014-06-28 20:00:00";2,695
"2014-06-28 20:15:00";3,776
"2014-06-28 20:30:00";5,11
"2014-06-28 20:45:00";2,321
"2014-06-28 21:00:00";4,136
"2014-06-28 21:15:00";4,795
"2014-06-28 21:30:00";2,129
"2014-06-28 21:45:00";4,541
"2014-06-28 22:00:00";3,256
"2014-06-28 22:15:00";2,495
"2014-06-28 22:30:00";4,758
"2014-06-28 22:45:00";1,969
"2014-06-28 23:00:00";3,03
"2014-06-28 23:15:00";3,925
"2014-06-28 23:30:00";1,531
"2014-06-28 23:45:00";3,125
"2014-06-29 00:00:00";0,928
"2014-06-29 00:15:00";0,493
"2014-06-29 00:30:00";0,537
"2014-06-29 00:45:00";0,521
"2014-06-29 01:00:00";0,509
"2014-06-29 01:15:00";0,457
"2014-06-29 01:30:00";0,436
"2014-06-29 01:45:00";0,436
"2014-06-29 02:00:00";0,446
"2014-06-29 02:15:00";0,445
"2014-06-29 02:30:00";0,378
"2014-06-29 02:45:00";0,347
"2014-06-29 03:00:00";0,345
"2014-06-29 03:15:00";0,415
"2014-06-29 03:30:00";0,468
"2014-06-29 03:45:00";0,45
"2014-06-29 04:00:00";0,446
"2014-06-29 04:15:00";0,362
"2014-06-29 04:30:00";0,347
"2014-06-29 04:45:00";0,344
"2014-06-29 05:00:00";0,444
"2014-06-29 05:15:00";0,457
"2014-06-29 05:30:00";0,45
"2014-06-29 05:45:00";0,434
"2014-06-29 06:00:00";0,346
"2014-06-29 06:15:00";0,345
"2014-06-29 06:30:00";0,345
"2014-06-29 06:45:00";0,459
"2014-06-29 07:00:00";0,692
"2014-06-29 07:15:00";3,283
"2014-06-29 07:30:00";4,546
"2014-06-29 07:45:00";5,094
"2014-06-29 08:00:00";3,731
"2014-06-29 08:15:00";2,195
"2014-06-29 08:30:00";3,785
"2014-06-29 08:45:00";3,838
"2014-06-29 09:00:00";2,698
"2014-06-29 09:15:00";5,327
"2014-06-29 09:30:00";2,388
"2014-06-29 09:45:00";3,346
"2014-06-29 10:00:00";5,701
"2014-06-29 10:15:00";4,779
"2014-06-29 10:30:00";2,71
"2014-06-29 10:45:00";4,415
"2014-06-29 11:00:00";8,56
"2014-06-29 11:15:00";6,041
"2014-06-29 11:30:00";8,835
"2014-06-29 11:45:00";9,089
"2014-06-29 12:00:00";8,968
"2014-06-29 12:15:00";5,856
"2014-06-29 12:30:00";7,711
"2014-06-29 12:45:00";8,207
"2014-06-29 13:00:00";4,77
"2014-06-29 13:15:00";7,454
"2014-06-29 13:30:00";7,318
"2014-06-29 13:45:00";4,649
"2014-06-29 14:00:00";7,399
"2014-06-29 14:15:00";9,308
"2014-06-29 14:30:00";9,132
"2014-06-29 14:45:00";7,485
"2014-06-29 15:00:00";6,911
"2014-06-29 15:15:00";9,23
"2014-06-29 15:30:00";9,239
"2014-06-29 15:45:00";7,198
"2014-06-29 16:00:00";3,261
"2014-06-29 16:15:00";4,725
"2014-06-29 16:30:00";6,022
"2014-06-29 16:45:00";5,939
"2014-06-29 17:00:00";2,893
"2014-06-29 17:15:00";1,449
"2014-06-29 17:30:00";4,275
"2014-06-29 17:45:00";4,44
"2014-06-29 18:00:00";2,114
"2014-06-29 18:15:00";4,44
"2014-06-29 18:30:00";6,187
"2014-06-29 18:45:00";6,292
"2014-06-29 19:00:00";3,791
"2014-06-29 19:15:00";4,503
"2014-06-29 19:30:00";6,155
"2014-06-29 19:45:00";6,044
"2014-06-29 20:00:00";2,985
"2014-06-29 20:15:00";5,685
"2014-06-29 20:30:00";4,33
"2014-06-29 20:45:00";2,497
"2014-06-29 21:00:00";3,784
"2014-06-29 21:15:00";5,194
"2014-06-29 21:30:00";1,971
"2014-06-29 21:45:00";1,328
"2014-06-29 22:00:00";4,045
"2014-06-29 22:15:00";1,894
"2014-06-29 22:30:00";4,112
"2014-06-29 22:45:00";4,158
"2014-06-29 23:00:00";2,651
"2014-06-29 23:15:00";2,042
"2014-06-29 23:30:00";3,573
"2014-06-29 23:45:00";0,833
"2014-06-30 00:00:00";1,494
"2014-06-30 00:15:00";3,17
"2014-06-30 00:30:00";0,567
"2014-06-30 00:45:00";0,554
"2014-06-30 01:00:00";0,544
"2014-06-30 01:15:00";0,534
"2014-06-30 01:30:00";0,471
"2014-06-30 01:45:00";0,445
"2014-06-30 02:00:00";0,446
"2014-06-30 02:15:00";0,454
"2014-06-30 02:30:00";0,558
"2014-06-30 02:45:00";0,551
"2014-06-30 03:00:00";0,542
"2014-06-30 03:15:00";0,538
"2014-06-30 03:30:00";0,513
"2014-06-30 03:45:00";0,59
"2014-06-30 04:00:00";1,034
"2014-06-30 04:15:00";0,604
"2014-06-30 04:30:00";0,547
"2014-06-30 04:45:00";0,542
"2014-06-30 05:00:00";0,539
"2014-06-30 05:15:00";0,532
"2014-06-30 05:30:00";0,484
"2014-06-30 05:45:00";0,444
"2014-06-30 06:00:00";0,441
"2014-06-30 06:15:00";0,44
"2014-06-30 06:30:00";0,543
"2014-06-30 06:45:00";0,55
"2014-06-30 07:00:00";0,801
"2014-06-30 07:15:00";1,539
"2014-06-30 07:30:00";4,155
"2014-06-30 07:45:00";4,162
"2014-06-30 08:00:00";4,183
"2014-06-30 08:15:00";4,236
"2014-06-30 08:30:00";4,281
"2014-06-30 08:45:00";4,187
"2014-06-30 09:00:00";4,07
"2014-06-30 09:15:00";3,676
"2014-06-30 09:30:00";0,901
"2014-06-30 09:45:00";0,893
"2014-06-30 10:00:00";0,89
"2014-06-30 10:15:00";0,995
"2014-06-30 10:30:00";0,984
"2014-06-30 10:45:00";0,976
"2014-06-30 11:00:00";3,786
"2014-06-30 11:15:00";4,042
"2014-06-30 11:30:00";3,973
"2014-06-30 11:45:00";3,953
"2014-06-30 12:00:00";6,597
"2014-06-30 12:15:00";7,828
"2014-06-30 12:30:00";7,588
"2014-06-30 12:45:00";7,511
"2014-06-30 13:00:00";7,554
"2014-06-30 13:15:00";7,451
"2014-06-30 13:30:00";7,497
"2014-06-30 13:45:00";7,629
"2014-06-30 14:00:00";7,359
"2014-06-30 14:15:00";4,55
"2014-06-30 14:30:00";6,353
"2014-06-30 14:45:00";7,534
"2014-06-30 15:00:00";7,589
"2014-06-30 15:15:00";7,618
"2014-06-30 15:30:00";7,605
"2014-06-30 15:45:00";7,68
"2014-06-30 16:00:00";4,944
"2014-06-30 16:15:00";4,626
"2014-06-30 16:30:00";4,173
"2014-06-30 16:45:00";1,918
"2014-06-30 17:00:00";4,738
"2014-06-30 17:15:00";4,773
"2014-06-30 17:30:00";4,596
"2014-06-30 17:45:00";4,57
"2014-06-30 18:00:00";4,551
"2014-06-30 18:15:00";2,889
"2014-06-30 18:30:00";4,68
"2014-06-30 18:45:00";5,763
"2014-06-30 19:00:00";5,369
"2014-06-30 19:15:00";2,526
"2014-06-30 19:30:00";5,769
"2014-06-30 19:45:00";5,643
"2014-06-30 20:00:00";2,728
"2014-06-30 20:15:00";3,959
"2014-06-30 20:30:00";5,007
"2014-06-30 20:45:00";2,466
"2014-06-30 21:00:00";5,533
"2014-06-30 21:15:00";2,87
"2014-06-30 21:30:00";2,56
"2014-06-30 21:45:00";4,195
"2014-06-30 22:00:00";1,54
"2014-06-30 22:15:00";3,014
"2014-06-30 22:30:00";3,321
"2014-06-30 22:45:00";1,221
"2014-06-30 23:00:00";2,355
"2014-06-30 23:15:00";2,668
"2014-06-30 23:30:00";0,765
"2014-06-30 23:45:00";1,968