"DateTime;""grid (2233) (kw)"";""solar (2233) (kw)""",,
2019-06-02 00:00:00;1,985;0,2
2019-06-02 00:01:00;2,046;0,1
2019-06-02 00:02:00;2,151;0,2
2019-06-02 00:03:00;2,153;0,2
2019-06-02 00:04:00;2,199;0,1
2019-06-02 00:05:00;2,118;0,1
2019-06-02 00:06:00;1,955;0,1
2019-06-02 00:07:00;1,955;0,1
2019-06-02 00:08:00;1,947;0,1
2019-06-02 00:09:00;1,964;0,2
2019-06-02 00:10:00;1,974;0,1
2019-06-02 00:11:00;1,939;0,1
2019-06-02 00:12:00;1,931;0,1
2019-06-02 00:13:00;1,931;0,1
2019-06-02 00:14:00;1,947;0,1
2019-06-02 00:15:00;1,981;0,1
2019-06-02 00:16:00;1,96;0,1
2019-06-02 00:17:00;1,934;0,1
2019-06-02 00:18:00;1,935;0,2
2019-06-02 00:19:00;1,938;0,1
2019-06-02 00:20:00;1,978;0,1
2019-06-02 00:21:00;1,971;0,1
2019-06-02 00:22:00;1,932;0,1
2019-06-02 00:23:00;1,946;0,1
2019-06-02 00:24:00;1,995;0,1
2019-06-02 00:25:00;2,192;0,2
2019-06-02 00:26:00;2,192;0,2
2019-06-02 00:27:00;2,157;0,1
2019-06-02 00:28:00;2,674;0,2
2019-06-02 00:29:00;5,105;0,4
2019-06-02 00:30:00;5,091;0,4
2019-06-02 00:31:00;5,12;0,5
2019-06-02 00:32:00;5,086;0,4
2019-06-02 00:33:00;5,058;0,5
2019-06-02 00:34:00;5,056;0,4
2019-06-02 00:35:00;5,059;0,4
2019-06-02 00:36:00;5,105;0,5
2019-06-02 00:37:00;5,099;0,4
2019-06-02 00:38:00;5,063;0,5
2019-06-02 00:39:00;5,059;0,4
2019-06-02 00:40:00;5,056;0,5
2019-06-02 00:41:00;5,093;0,4
2019-06-02 00:42:00;5,098;0,5
2019-06-02 00:43:00;5,058;0,4
2019-06-02 00:44:00;5,05;0,5
2019-06-02 00:45:00;5,051;0,5
2019-06-02 00:46:00;5,08;0,4
2019-06-02 00:47:00;5,128;0,4
2019-06-02 00:48:00;5,25;0,5
2019-06-02 00:49:00;5,283;0,5
2019-06-02 00:50:00;5,274;0,4
2019-06-02 00:51:00;5,295;0,5
2019-06-02 00:52:00;5,227;0,5
2019-06-02 00:53:00;5,109;0,4
2019-06-02 00:54:00;5,09;0,4
2019-06-02 00:55:00;5,078;0,4
2019-06-02 00:56:00;5,072;0,4
2019-06-02 00:57:00;5,11;0,5
2019-06-02 00:58:00;5,105;0,5
2019-06-02 00:59:00;5,065;0,4
2019-06-02 01:00:00;5,063;0,4
2019-06-02 01:01:00;5,061;0,4
2019-06-02 01:02:00;5,094;0,5
2019-06-02 01:03:00;5,09;0,4
2019-06-02 01:04:00;5,047;0,4
2019-06-02 01:05:00;5,047;0,5
2019-06-02 01:06:00;5,05;0,4
2019-06-02 01:07:00;5,079;0,5
2019-06-02 01:08:00;5,091;0,4
2019-06-02 01:09:00;5,051;0,5
2019-06-02 01:10:00;5,065;0,5
2019-06-02 01:11:00;5,11;0,4
2019-06-02 01:12:00;5,299;0,5
2019-06-02 01:13:00;5,323;0,5
2019-06-02 01:14:00;5,311;0,5
2019-06-02 01:15:00;5,26;0,5
2019-06-02 01:16:00;5,087;0,5
2019-06-02 01:17:00;5,105;0,4
2019-06-02 01:18:00;5,127;0,5
2019-06-02 01:19:00;5,079;0,5
2019-06-02 01:20:00;4,743;0,4
2019-06-02 01:21:00;3,775;0,3
2019-06-02 01:22:00;4,557;0,4
2019-06-02 01:23:00;5,28;0,4
2019-06-02 01:24:00;5,271;0,4
2019-06-02 01:25:00;5,233;0,4
2019-06-02 01:26:00;5,233;0,4
2019-06-02 01:27:00;5,227;0,5
2019-06-02 01:28:00;5,274;0,5
2019-06-02 01:29:00;4,025;0,3
2019-06-02 01:30:00;3,768;0,3
2019-06-02 01:31:00;3,76;0,3
2019-06-02 01:32:00;3,763;0,3
2019-06-02 01:33:00;3,802;0,3
2019-06-02 01:34:00;3,839;0,3
2019-06-02 01:35:00;3,939;0,3
2019-06-02 01:36:00;3,996;0,3
2019-06-02 01:37:00;3,979;0,3
2019-06-02 01:38:00;3,998;0,3
2019-06-02 01:39:00;3,897;0,3
2019-06-02 01:40:00;3,806;0,3
2019-06-02 01:41:00;3,778;0,3
2019-06-02 01:42:00;3,761;0,3
2019-06-02 01:43:00;3,756;0,3
2019-06-02 01:44:00;3,789;0,3
2019-06-02 01:45:00;3,777;0,3
2019-06-02 01:46:00;3,751;0,3
2019-06-02 01:47:00;3,755;0,3
2019-06-02 01:48:00;3,759;0,3
2019-06-02 01:49:00;3,802;0,3
2019-06-02 01:50:00;3,799;0,3
2019-06-02 01:51:00;3,746;0,3
2019-06-02 01:52:00;3,746;0,3
2019-06-02 01:53:00;3,74;0,3
2019-06-02 01:54:00;3,78;0,3
2019-06-02 01:55:00;3,779;0,3
2019-06-02 01:56:00;3,755;0,2
2019-06-02 01:57:00;1,795;0,1
2019-06-02 01:58:00;0,897;0,
2019-06-02 01:59:00;0,968;0,
2019-06-02 02:00:00;0,947;0,
2019-06-02 02:01:00;0,925;0,
2019-06-02 02:02:00;0,866;0,
2019-06-02 02:03:00;0,663;0,1
2019-06-02 02:04:00;0,648;0,
2019-06-02 02:05:00;0,693;0,
2019-06-02 02:06:00;0,658;0,
2019-06-02 02:07:00;0,616;0,
2019-06-02 02:08:00;0,625;0,
2019-06-02 02:09:00;0,62;0,
2019-06-02 02:10:00;0,651;0,
2019-06-02 02:11:00;0,664;0,1
2019-06-02 02:12:00;0,625;-0,1
2019-06-02 02:13:00;0,617;0,
2019-06-02 02:14:00;0,617;0,
2019-06-02 02:15:00;0,639;-0,1
2019-06-02 02:16:00;0,662;-0,1
2019-06-02 02:17:00;0,644;0,
2019-06-02 02:18:00;0,626;-0,1
2019-06-02 02:19:00;0,63;0,
2019-06-02 02:20:00;0,628;-0,1
2019-06-02 02:21:00;0,691;0,
2019-06-02 02:22:00;0,786;0,
2019-06-02 02:23:00;0,852;0,
2019-06-02 02:24:00;0,84;0,
2019-06-02 02:25:00;0,842;0,
2019-06-02 02:26:00;0,796;-0,1
2019-06-02 02:27:00;0,689;0,
2019-06-02 02:28:00;0,682;-0,1
2019-06-02 02:29:00;0,636;0,
2019-06-02 02:30:00;0,617;0,
2019-06-02 02:31:00;0,617;0,
2019-06-02 02:32:00;0,653;0,
2019-06-02 02:33:00;0,658;0,
2019-06-02 02:34:00;0,619;0,
2019-06-02 02:35:00;0,617;-0,1
2019-06-02 02:36:00;0,617;0,
2019-06-02 02:37:00;0,642;0,
2019-06-02 02:38:00;0,661;-0,1
2019-06-02 02:39:00;0,645;0,
2019-06-02 02:40:00;0,617;0,
2019-06-02 02:41:00;2,09;0,1
2019-06-02 02:42:00;3,673;0,3
2019-06-02 02:43:00;3,704;0,3
2019-06-02 02:44:00;3,731;0,3
2019-06-02 02:45:00;3,754;0,3
2019-06-02 02:46:00;3,91;0,4
2019-06-02 02:47:00;3,91;0,3
2019-06-02 02:48:00;3,921;0,3
2019-06-02 02:49:00;3,948;0,3
2019-06-02 02:50:00;3,745;0,3
2019-06-02 02:51:00;3,718;0,3
2019-06-02 02:52:00;3,715;0,3
2019-06-02 02:53:00;3,687;0,3
2019-06-02 02:54:00;3,735;0,3
2019-06-02 02:55:00;3,73;0,3
2019-06-02 02:56:00;2,224;0,1
2019-06-02 02:57:00;0,811;0,
2019-06-02 02:58:00;0,724;0,
2019-06-02 02:59:00;0,656;-0,1
2019-06-02 03:00:00;0,66;-0,1
2019-06-02 03:01:00;0,629;0,
2019-06-02 03:02:00;0,622;-0,1
2019-06-02 03:03:00;0,62;0,
2019-06-02 03:04:00;0,641;0,
2019-06-02 03:05:00;0,666;0,
2019-06-02 03:06:00;0,639;0,
2019-06-02 03:07:00;0,621;0,
2019-06-02 03:08:00;0,654;0,
2019-06-02 03:09:00;0,821;0,
2019-06-02 03:10:00;0,888;0,
2019-06-02 03:11:00;0,871;0,
2019-06-02 03:12:00;0,84;0,
2019-06-02 03:13:00;0,751;0,
2019-06-02 03:14:00;2,032;0,1
2019-06-02 03:15:00;3,76;0,3
2019-06-02 03:16:00;3,742;0,3
2019-06-02 03:17:00;3,684;0,3
2019-06-02 03:18:00;3,687;0,3
2019-06-02 03:19:00;3,684;0,3
2019-06-02 03:20:00;3,711;0,3
2019-06-02 03:21:00;3,726;0,3
2019-06-02 03:22:00;3,698;0,3
2019-06-02 03:23:00;3,683;0,3
2019-06-02 03:24:00;3,682;0,3
2019-06-02 03:25:00;3,703;0,3
2019-06-02 03:26:00;3,73;0,3
2019-06-02 03:27:00;3,711;0,2
2019-06-02 03:28:00;3,679;0,3
2019-06-02 03:29:00;3,678;0,3
2019-06-02 03:30:00;3,686;0,3
2019-06-02 03:31:00;3,739;0,2
2019-06-02 03:32:00;2,558;0,2
2019-06-02 03:33:00;1,036;0,
2019-06-02 03:34:00;0,956;0,
2019-06-02 03:35:00;0,841;0,
2019-06-02 03:36:00;0,837;0,
2019-06-02 03:37:00;0,696;0,
2019-06-02 03:38:00;0,644;-0,1
2019-06-02 03:39:00;0,636;0,
2019-06-02 03:40:00;0,614;0,
2019-06-02 03:41:00;0,642;-0,1
2019-06-02 03:42:00;0,658;-0,1
2019-06-02 03:43:00;0,625;0,
2019-06-02 03:44:00;0,613;0,
2019-06-02 03:45:00;0,613;0,
2019-06-02 03:46:00;2,992;0,2
2019-06-02 03:47:00;3,707;0,3
2019-06-02 03:48:00;3,688;0,2
2019-06-02 03:49:00;3,674;0,3
2019-06-02 03:50:00;3,677;0,3
2019-06-02 03:51:00;3,682;0,3
2019-06-02 03:52:00;3,722;0,3
2019-06-02 03:53:00;3,71;0,3
2019-06-02 03:54:00;3,687;0,3
2019-06-02 03:55:00;3,76;0,2
2019-06-02 03:56:00;3,9;0,3
2019-06-02 03:57:00;3,93;0,3
2019-06-02 03:58:00;3,937;0,3
2019-06-02 03:59:00;3,888;0,3
2019-06-02 04:00:00;3,703;0,3
2019-06-02 04:01:00;3,713;0,3
2019-06-02 04:02:00;3,73;0,3
2019-06-02 04:03:00;3,707;0,3
2019-06-02 04:04:00;3,676;0,3
2019-06-02 04:05:00;3,659;0,3
2019-06-02 04:06:00;3,659;0,3
2019-06-02 04:07:00;3,675;0,2
2019-06-02 04:08:00;3,717;0,3
2019-06-02 04:09:00;3,699;0,2
2019-06-02 04:10:00;3,665;0,3
2019-06-02 04:11:00;3,662;0,2
2019-06-02 04:12:00;3,665;0,3
2019-06-02 04:13:00;3,703;0,3
2019-06-02 04:14:00;3,695;0,3
2019-06-02 04:15:00;3,657;0,3
2019-06-02 04:16:00;3,66;0,3
2019-06-02 04:17:00;3,683;0,3
2019-06-02 04:18:00;3,745;0,3
2019-06-02 04:19:00;3,892;0,3
2019-06-02 04:20:00;3,902;0,3
2019-06-02 04:21:00;3,885;0,3
2019-06-02 04:22:00;3,888;0,3
2019-06-02 04:23:00;3,77;0,3
2019-06-02 04:24:00;1,849;0,1
2019-06-02 04:25:00;0,852;0,
2019-06-02 04:26:00;0,698;-0,1
2019-06-02 04:27:00;0,619;0,
2019-06-02 04:28:00;0,633;-0,1
2019-06-02 04:29:00;0,662;0,
2019-06-02 04:30:00;0,65;-0,1
2019-06-02 04:31:00;0,624;0,
2019-06-02 04:32:00;0,609;0,
2019-06-02 04:33:00;0,617;0,
2019-06-02 04:34:00;0,615;0,
2019-06-02 04:35:00;0,596;-0,1
2019-06-02 04:36:00;0,597;0,
2019-06-02 04:37:00;0,599;-0,1
2019-06-02 04:38:00;0,596;0,
2019-06-02 04:39:00;0,597;0,
2019-06-02 04:40:00;0,597;0,
2019-06-02 04:41:00;0,625;-0,1
2019-06-02 04:42:00;0,681;0,
2019-06-02 04:43:00;0,825;0,
2019-06-02 04:44:00;0,823;0,
2019-06-02 04:45:00;0,824;-0,1
2019-06-02 04:46:00;0,802;0,
2019-06-02 04:47:00;0,628;0,
2019-06-02 04:48:00;0,628;-0,1
2019-06-02 04:49:00;0,624;0,
2019-06-02 04:50:00;0,597;0,
2019-06-02 04:51:00;0,598;0,
2019-06-02 04:52:00;0,599;-0,1
2019-06-02 04:53:00;0,6;0,
2019-06-02 04:54:00;0,599;0,
2019-06-02 04:55:00;0,603;0,
2019-06-02 04:56:00;0,6;-0,1
2019-06-02 04:57:00;0,601;0,
2019-06-02 04:58:00;0,603;0,
2019-06-02 04:59:00;0,601;0,
2019-06-02 05:00:00;0,6;0,
2019-06-02 05:01:00;0,603;-0,1
2019-06-02 05:02:00;0,601;-0,1
2019-06-02 05:03:00;0,601;0,
2019-06-02 05:04:00;0,608;-0,1
2019-06-02 05:05:00;0,631;0,
2019-06-02 05:06:00;0,809;-0,1
2019-06-02 05:07:00;0,83;0,
2019-06-02 05:08:00;0,834;0,
2019-06-02 05:09:00;0,83;0,
2019-06-02 05:10:00;0,721;0,
2019-06-02 05:11:00;0,63;0,
2019-06-02 05:12:00;0,648;0,
2019-06-02 05:13:00;0,663;0,1
2019-06-02 05:14:00;0,669;0,
2019-06-02 05:15:00;0,7;0,
2019-06-02 05:16:00;0,697;0,
2019-06-02 05:17:00;0,696;0,
2019-06-02 05:18:00;0,693;0,
2019-06-02 05:19:00;0,691;0,
2019-06-02 05:20:00;2,277;0,2
2019-06-02 05:21:00;3,675;0,3
2019-06-02 05:22:00;3,682;0,3
2019-06-02 05:23:00;3,688;0,3
2019-06-02 05:24:00;3,693;0,3
2019-06-02 05:25:00;3,692;0,3
2019-06-02 05:26:00;3,69;0,3
2019-06-02 05:27:00;3,688;0,2
2019-06-02 05:28:00;3,705;0,3
2019-06-02 05:29:00;3,826;0,3
2019-06-02 05:30:00;3,905;0,3
2019-06-02 05:31:00;3,89;0,2
2019-06-02 05:32:00;3,885;0,3
2019-06-02 05:33:00;3,826;0,3
2019-06-02 05:34:00;3,683;0,3
2019-06-02 05:35:00;3,686;0,3
2019-06-02 05:36:00;3,678;0,3
2019-06-02 05:37:00;3,663;0,3
2019-06-02 05:38:00;3,655;0,3
2019-06-02 05:39:00;3,648;0,3
2019-06-02 05:40:00;3,649;0,3
2019-06-02 05:41:00;3,652;0,3
2019-06-02 05:42:00;3,643;0,2
2019-06-02 05:43:00;3,412;0,3
2019-06-02 05:44:00;0,847;0,
2019-06-02 05:45:00;0,84;0,
2019-06-02 05:46:00;0,658;0,
2019-06-02 05:47:00;0,615;0,
2019-06-02 05:48:00;0,595;0,
2019-06-02 05:49:00;0,709;0,
2019-06-02 05:50:00;0,821;0,
2019-06-02 05:51:00;0,818;0,
2019-06-02 05:52:00;0,819;0,
2019-06-02 05:53:00;0,749;0,
2019-06-02 05:54:00;0,625;-0,1
2019-06-02 05:55:00;0,624;0,
2019-06-02 05:56:00;0,614;0,
2019-06-02 05:57:00;0,595;-0,1
2019-06-02 05:58:00;0,594;0,
2019-06-02 05:59:00;0,595;0,
2019-06-02 06:00:00;0,597;0,
2019-06-02 06:01:00;0,596;0,
2019-06-02 06:02:00;0,597;0,
2019-06-02 06:03:00;0,597;-0,1
2019-06-02 06:04:00;0,596;0,
2019-06-02 06:05:00;0,595;-0,1
2019-06-02 06:06:00;0,595;0,
2019-06-02 06:07:00;0,595;0,
2019-06-02 06:08:00;0,601;-0,1
2019-06-02 06:09:00;0,595;0,
2019-06-02 06:10:00;0,596;0,
2019-06-02 06:11:00;0,608;-0,1
2019-06-02 06:12:00;1,512;0,1
2019-06-02 06:13:00;2,215;0,1
2019-06-02 06:14:00;2,21;0,1
2019-06-02 06:15:00;2,167;0,1
2019-06-02 06:16:00;0,863;0,
2019-06-02 06:17:00;0,704;0,
2019-06-02 06:18:00;0,687;0,
2019-06-02 06:19:00;0,686;0,
2019-06-02 06:20:00;0,688;0,
2019-06-02 06:21:00;0,687;0,
2019-06-02 06:22:00;0,687;-0,1
2019-06-02 06:23:00;0,668;0,
2019-06-02 06:24:00;0,732;-0,1
2019-06-02 06:25:00;0,744;0,
2019-06-02 06:26:00;0,723;-0,1
2019-06-02 06:27:00;0,72;0,
2019-06-02 06:28:00;0,716;0,
2019-06-02 06:29:00;0,726;0,1
2019-06-02 06:30:00;0,714;0,
2019-06-02 06:31:00;0,714;-0,1
2019-06-02 06:32:00;0,714;0,
2019-06-02 06:33:00;0,713;0,
2019-06-02 06:34:00;0,725;0,
2019-06-02 06:35:00;0,779;0,
2019-06-02 06:36:00;0,99;-0,16
2019-06-02 06:37:00;1,091;-0,17
2019-06-02 06:38:00;1,178;-0,15
2019-06-02 06:39:00;1,176;-0,13
2019-06-02 06:40:00;1,132;-0,1
2019-06-02 06:41:00;1,007;-0,8
2019-06-02 06:42:00;0,925;-0,5
2019-06-02 06:43:00;0,797;0,
2019-06-02 06:44:00;0,776;0,4
2019-06-02 06:45:00;0,786;0,1
2019-06-02 06:46:00;0,767;0,15
2019-06-02 06:47:00;0,759;0,2
2019-06-02 06:48:00;0,762;0,25
2019-06-02 06:49:00;0,752;0,33
2019-06-02 06:50:00;0,744;0,42
2019-06-02 06:51:00;0,734;0,51
2019-06-02 06:52:00;0,717;0,59
2019-06-02 06:53:00;0,709;0,65
2019-06-02 06:54:00;0,698;0,71
2019-06-02 06:55:00;0,692;0,77
2019-06-02 06:56:00;0,686;0,83
2019-06-02 06:57:00;0,678;0,9
2019-06-02 06:58:00;0,682;0,98
2019-06-02 06:59:00;0,845;0,106
2019-06-02 07:00:00;0,879;0,112
2019-06-02 07:01:00;0,865;0,122
2019-06-02 07:02:00;0,863;0,132
2019-06-02 07:03:00;0,854;0,135
2019-06-02 07:04:00;0,675;0,137
2019-06-02 07:05:00;0,656;0,155
2019-06-02 07:06:00;0,639;0,171
2019-06-02 07:07:00;0,587;0,176
2019-06-02 07:08:00;0,562;0,189
2019-06-02 07:09:00;0,587;0,164
2019-06-02 07:10:00;0,668;0,92
2019-06-02 07:11:00;0,699;0,6
2019-06-02 07:12:00;0,697;0,62
2019-06-02 07:13:00;0,69;0,69
2019-06-02 07:14:00;0,676;0,79
2019-06-02 07:15:00;0,653;0,99
2019-06-02 07:16:00;0,659;0,93
2019-06-02 07:17:00;0,669;0,84
2019-06-02 07:18:00;0,622;0,7
2019-06-02 07:19:00;0,607;0,67
2019-06-02 07:20:00;0,593;0,81
2019-06-02 07:21:00;0,588;0,86
2019-06-02 07:22:00;0,666;0,115
2019-06-02 07:23:00;0,717;0,184
2019-06-02 07:24:00;0,671;0,169
2019-06-02 07:25:00;0,706;0,156
2019-06-02 07:26:00;0,717;0,132
2019-06-02 07:27:00;0,596;0,155
2019-06-02 07:28:00;0,325;0,31
2019-06-02 07:29:00;0,437;0,21
2019-06-02 07:30:00;0,301;0,321
2019-06-02 07:31:00;0,443;0,178
2019-06-02 07:32:00;0,326;0,284
2019-06-02 07:33:00;0,251;0,348
2019-06-02 07:34:00;0,443;0,169
2019-06-02 07:35:00;0,402;0,207
2019-06-02 07:36:00;0,446;0,167
2019-06-02 07:37:00;0,394;0,215
2019-06-02 07:38:00;0,365;0,241
2019-06-02 07:39:00;0,117;0,465
2019-06-02 07:40:00;0,132;0,45
2019-06-02 07:41:00;0,569,
2019-06-02 07:42:00;-0,028;0,595
2019-06-02 07:43:00;-0,056;0,619
2019-06-02 07:44:00;-0,096;0,657
2019-06-02 07:45:00;0,137;0,481
2019-06-02 07:46:00;0,404;0,408
2019-06-02 07:47:00;0,386;0,423
2019-06-02 07:48:00;0,134;0,648
2019-06-02 07:49:00;0,131;0,65
2019-06-02 07:50:00;0,203;0,583
2019-06-02 07:51:00;0,11;0,504
2019-06-02 07:52:00;-0,026;0,619
2019-06-02 07:53:00;0,208;0,407
2019-06-02 07:54:00;0,153;0,428
2019-06-02 07:55:00;0,139;0,443
2019-06-02 07:56:00;0,013;0,556
2019-06-02 07:57:00;0,323;0,276
2019-06-02 07:58:00;0,34;0,26
2019-06-02 07:59:00;0,326;0,272
2019-06-02 08:00:00;0,356;0,244
2019-06-02 08:01:00;0,363;0,238
2019-06-02 08:02:00;0,36;0,241
2019-06-02 08:03:00;0,326;0,269
2019-06-02 08:04:00;0,29;0,304
2019-06-02 08:05:00;0,277;0,314
2019-06-02 08:06:00;0,278;0,317
2019-06-02 08:07:00;0,269;0,323
2019-06-02 08:08:00;0,263;0,335
2019-06-02 08:09:00;0,423;0,339
2019-06-02 08:10:00;0,511;0,315
2019-06-02 08:11:00;0,538;0,282
2019-06-02 08:12:00;0,567;0,257
2019-06-02 08:13:00;0,601;0,224
2019-06-02 08:14:00;0,544;0,204
2019-06-02 08:15:00;0,45;0,192
2019-06-02 08:16:00;0,422;0,183
2019-06-02 08:17:00;0,402;0,176
2019-06-02 08:18:00;0,39;0,172
2019-06-02 08:19:00;0,393;0,169
2019-06-02 08:20:00;0,385;0,171
2019-06-02 08:21:00;0,36;0,181
2019-06-02 08:22:00;0,364;0,184
2019-06-02 08:23:00;0,352;0,196
2019-06-02 08:24:00;0,324;0,222
2019-06-02 08:25:00;0,316;0,229
2019-06-02 08:26:00;0,306;0,236
2019-06-02 08:27:00;0,295;0,245
2019-06-02 08:28:00;0,278;0,264
2019-06-02 08:29:00;0,262;0,279
2019-06-02 08:30:00;0,241;0,298
2019-06-02 08:31:00;0,211;0,324
2019-06-02 08:32:00;0,215;0,377
2019-06-02 08:33:00;0,428;0,335
2019-06-02 08:34:00;0,419;0,341
2019-06-02 08:35:00;0,421;0,34
2019-06-02 08:36:00;0,424;0,334
2019-06-02 08:37:00;0,409;0,345
2019-06-02 08:38:00;0,254;0,375
2019-06-02 08:39:00;0,138;0,416
2019-06-02 08:40:00;0,074;0,477
2019-06-02 08:41:00;0,014;0,51
2019-06-02 08:42:00;0,02;0,497
2019-06-02 08:43:00;0,532,
2019-06-02 08:44:00;0,042;0,487
2019-06-02 08:45:00;0,135;0,404
2019-06-02 08:46:00;0,19;0,355
2019-06-02 08:47:00;0,268;0,31
2019-06-02 08:48:00;0,297;0,286
2019-06-02 08:49:00;0,281;0,301
2019-06-02 08:50:00;0,252;0,322
2019-06-02 08:51:00;0,233;0,338
2019-06-02 08:52:00;0,219;0,353
2019-06-02 08:53:00;0,084;0,475
2019-06-02 08:54:00;-0,18;0,709
2019-06-02 08:55:00;0,106;0,449
2019-06-02 08:56:00;-0,492;1,107
2019-06-02 08:57:00;-0,041;0,789
2019-06-02 08:58:00;-0,177;0,907
2019-06-02 08:59:00;-0,034;0,78
2019-06-02 09:00:00;0,138;0,622
2019-06-02 09:01:00;-0,61;1,304
2019-06-02 09:02:00;-0,591;1,14
2019-06-02 09:03:00;-0,825;1,32
2019-06-02 09:04:00;-1,096;1,564
2019-06-02 09:05:00;-0,874;1,344
2019-06-02 09:06:00;0,087;0,469
2019-06-02 09:07:00;0,231;0,334
2019-06-02 09:08:00;0,221;0,341
2019-06-02 09:09:00;0,268;0,304
2019-06-02 09:10:00;0,3;0,266
2019-06-02 09:11:00;0,289;0,275
2019-06-02 09:12:00;0,539,
2019-06-02 09:13:00;-0,265;0,778
2019-06-02 09:14:00;0,035;0,506
2019-06-02 09:15:00;-0,216;0,74
2019-06-02 09:16:00;0,073;0,472
2019-06-02 09:17:00;0,176;0,381
2019-06-02 09:18:00;0,142;0,409
2019-06-02 09:19:00;0,048;0,545
2019-06-02 09:20:00;-0,313;1,62
2019-06-02 09:21:00;-0,175;0,967
2019-06-02 09:22:00;-0,68;1,419
2019-06-02 09:23:00;-0,563;1,31
2019-06-02 09:24:00;-0,118;0,907
2019-06-02 09:25:00;-0,42;1,15
2019-06-02 09:26:00;-0,062;0,652
2019-06-02 09:27:00;-0,459;1,17
2019-06-02 09:28:00;-0,439;0,977
2019-06-02 09:29:00;-0,327;0,833
2019-06-02 09:30:00;-0,397;0,894
2019-06-02 09:31:00;-0,428;0,929
2019-06-02 09:32:00;-0,97;1,416
2019-06-02 09:33:00;-1,354;1,757
2019-06-02 09:34:00;-0,964;1,405
2019-06-02 09:35:00;-0,289;0,8
2019-06-02 09:36:00;-0,475;0,968
2019-06-02 09:37:00;-1,036;1,465
2019-06-02 09:38:00;-1,257;1,665
2019-06-02 09:39:00;-1,682;2,86
2019-06-02 09:40:00;-1,928;2,305
2019-06-02 09:41:00;-1,746;2,143
2019-06-02 09:42:00;-0,632;1,145
2019-06-02 09:43:00;0,01;0,613
2019-06-02 09:44:00;0,24;0,578
2019-06-02 09:45:00;0,154;0,622
2019-06-02 09:46:00;0,093;0,647
2019-06-02 09:47:00;0,13;0,677
2019-06-02 09:48:00;0,156;0,66
2019-06-02 09:49:00;0,074;0,655
2019-06-02 09:50:00;-0,026;0,652
2019-06-02 09:51:00;-0,001;0,63
2019-06-02 09:52:00;0,056;0,567
2019-06-02 09:53:00;0,09;0,521
2019-06-02 09:54:00;0,085;0,527
2019-06-02 09:55:00;0,082;0,538
2019-06-02 09:56:00;0,141;0,544
2019-06-02 09:57:00;0,123;0,558
2019-06-02 09:58:00;0,114;0,566
2019-06-02 09:59:00;0,117;0,561
2019-06-02 10:00:00;0,096;0,563
2019-06-02 10:01:00;0,016;0,594
2019-06-02 10:02:00;0,094;0,62
2019-06-02 10:03:00;-0,024;0,656
2019-06-02 10:04:00;-0,074;0,697
2019-06-02 10:05:00;-0,058;0,723
2019-06-02 10:06:00;-0,274;0,896
2019-06-02 10:07:00;0,024;0,778
2019-06-02 10:08:00;0,126;0,705
2019-06-02 10:09:00;-0,106;0,903
2019-06-02 10:10:00;-0,118;0,913
2019-06-02 10:11:00;-0,161;0,948
2019-06-02 10:12:00;-0,156;0,94
2019-06-02 10:13:00;-0,369;0,988
2019-06-02 10:14:00;-0,472;1,68
2019-06-02 10:15:00;-0,49;1,9
2019-06-02 10:16:00;-0,99;1,537
2019-06-02 10:17:00;-1,289;1,816
2019-06-02 10:18:00;-0,937;1,458
2019-06-02 10:19:00;-1,793;2,198
2019-06-02 10:20:00;-2,216;2,601
2019-06-02 10:21:00;-1,867;2,291
2019-06-02 10:22:00;-1,045;1,564
2019-06-02 10:23:00;-0,768;1,319
2019-06-02 10:24:00;-0,708;1,279
2019-06-02 10:25:00;-0,796;1,37
2019-06-02 10:26:00;-0,616;1,208
2019-06-02 10:27:00;-0,393;1,6
2019-06-02 10:28:00;-0,439;1,48
2019-06-02 10:29:00;-0,723;1,318
2019-06-02 10:30:00;-0,333;1,31
2019-06-02 10:31:00;-0,203;0,86
2019-06-02 10:32:00;-0,233;0,886
2019-06-02 10:33:00;-0,205;0,86
2019-06-02 10:34:00;-0,093;0,76
2019-06-02 10:35:00;-0,066;0,734
2019-06-02 10:36:00;-0,105;0,769
2019-06-02 10:37:00;-0,802;1,396
2019-06-02 10:38:00;-1,507;2,31
2019-06-02 10:39:00;-0,478;1,107
2019-06-02 10:40:00;-0,206;0,862
2019-06-02 10:41:00;-0,15;0,81
2019-06-02 10:42:00;-0,174;0,83
2019-06-02 10:43:00;-0,221;0,873
2019-06-02 10:44:00;-0,279;0,923
2019-06-02 10:45:00;-0,452;1,67
2019-06-02 10:46:00;-0,756;1,32
2019-06-02 10:47:00;-1,414;1,938
2019-06-02 10:48:00;-0,425;1,64
2019-06-02 10:49:00;-0,995;1,691
2019-06-02 10:50:00;-1,563;2,265
2019-06-02 10:51:00;-0,378;1,178
2019-06-02 10:52:00;0,038;0,784
2019-06-02 10:53:00;-0,016;0,833
2019-06-02 10:54:00;-0,262;1,58
2019-06-02 10:55:00;-0,559;1,319
2019-06-02 10:56:00;-1,403;2,91
2019-06-02 10:57:00;-0,498;1,274
2019-06-02 10:58:00;0,031;0,82
2019-06-02 10:59:00;-0,142;0,803
2019-06-02 11:00:00;-0,2;0,848
2019-06-02 11:01:00;-1,17;1,721
2019-06-02 11:02:00;-1,669;2,158
2019-06-02 11:03:00;-0,566;1,176
2019-06-02 11:04:00;-0,201;0,895
2019-06-02 11:05:00;-0,686;1,321
2019-06-02 11:06:00;-1,797;2,371
2019-06-02 11:07:00;-1,825;2,482
2019-06-02 11:08:00;-1,951;2,593
2019-06-02 11:09:00;-2,034;2,608
2019-06-02 11:10:00;-2,177;2,574
2019-06-02 11:11:00;-2,216;2,549
2019-06-02 11:12:00;-2,256;2,577
2019-06-02 11:13:00;-2,263;2,586
2019-06-02 11:14:00;-2,271;2,594
2019-06-02 11:15:00;-1,16;1,622
2019-06-02 11:16:00;-0,295;1,22
2019-06-02 11:17:00;-0,149;0,888
2019-06-02 11:18:00;-0,377;1,101
2019-06-02 11:19:00;-0,117;0,87
2019-06-02 11:20:00;-0,04;0,797
2019-06-02 11:21:00;-0,038;0,8
2019-06-02 11:22:00;-0,075;0,816
2019-06-02 11:23:00;-0,197;0,771
2019-06-02 11:24:00;-0,131;0,715
2019-06-02 11:25:00;-0,112;0,694
2019-06-02 11:26:00;-0,122;0,677
2019-06-02 11:27:00;-0,064;0,622
2019-06-02 11:28:00;-0,054;0,612
2019-06-02 11:29:00;-0,092;0,651
2019-06-02 11:30:00;-0,088;0,663
2019-06-02 11:31:00;-0,106;0,686
2019-06-02 11:32:00;-0,152;0,722
2019-06-02 11:33:00;-0,145;0,712
2019-06-02 11:34:00;-0,165;0,717
2019-06-02 11:35:00;-0,203;0,747
2019-06-02 11:36:00;-0,288;0,822
2019-06-02 11:37:00;-1,487;1,954
2019-06-02 11:38:00;-0,302;0,889
2019-06-02 11:39:00;-0,086;0,841
2019-06-02 11:40:00;0,077;0,825
2019-06-02 11:41:00;0,043;0,847
2019-06-02 11:42:00;0,238;0,672
2019-06-02 11:43:00;0,297;0,64
2019-06-02 11:44:00;0,177;0,745
2019-06-02 11:45:00;-0,969;1,777
2019-06-02 11:46:00;-2,096;2,653
2019-06-02 11:47:00;-2,111;2,602
2019-06-02 11:48:00;-2,065;2,56
2019-06-02 11:49:00;-2,044;2,531
2019-06-02 11:50:00;-1,976;2,501
2019-06-02 11:51:00;-1,935;2,467
2019-06-02 11:52:00;-1,902;2,433
2019-06-02 11:53:00;-1,879;2,403
2019-06-02 11:54:00;-1,795;2,38
2019-06-02 11:55:00;-1,756;2,368
2019-06-02 11:56:00;-1,751;2,361
2019-06-02 11:57:00;-1,746;2,353
2019-06-02 11:58:00;-1,778;2,356
2019-06-02 11:59:00;-1,779;2,355
2019-06-02 12:00:00;-1,78;2,359
2019-06-02 12:01:00;-1,787;2,363
2019-06-02 12:02:00;-1,713;2,369
2019-06-02 12:03:00;-1,657;2,384
2019-06-02 12:04:00;-1,697;2,41
2019-06-02 12:05:00;-1,662;2,399
2019-06-02 12:06:00;-1,637;2,388
2019-06-02 12:07:00;-1,611;2,38
2019-06-02 12:08:00;-1,618;2,365
2019-06-02 12:09:00;-1,683;2,353
2019-06-02 12:10:00;-1,813;2,34
2019-06-02 12:11:00;-1,766;2,327
2019-06-02 12:12:00;-1,727;2,322
2019-06-02 12:13:00;-1,784;2,328
2019-06-02 12:14:00;-1,821;2,332
2019-06-02 12:15:00;-1,83;2,325
2019-06-02 12:16:00;-1,803;2,325
2019-06-02 12:17:00;-1,824;2,325
2019-06-02 12:18:00;-1,859;2,32
2019-06-02 12:19:00;-1,832;2,324
2019-06-02 12:20:00;-1,802;2,333
2019-06-02 12:21:00;-0,555;2,344
2019-06-02 12:22:00;-1,792;2,367
2019-06-02 12:23:00;-1,786;2,41
2019-06-02 12:24:00;-1,488;2,137
2019-06-02 12:25:00;0,586;0,406
2019-06-02 12:26:00;0,605;0,466
2019-06-02 12:27:00;-0,841;1,741
2019-06-02 12:28:00;-1,72;2,528
2019-06-02 12:29:00;-1,188;2,68
2019-06-02 12:30:00;-1,648;2,476
2019-06-02 12:31:00;-1,484;2,442
2019-06-02 12:32:00;-0,934;1,955
2019-06-02 12:33:00;-1,632;2,449
2019-06-02 12:34:00;-1,783;2,41
2019-06-02 12:35:00;-1,769;2,383
2019-06-02 12:36:00;-1,785;2,368
2019-06-02 12:37:00;-1,782;2,361
2019-06-02 12:38:00;-1,733;2,359
2019-06-02 12:39:00;-1,687;2,362
2019-06-02 12:40:00;-1,771;2,367
2019-06-02 12:41:00;-1,676;2,372
2019-06-02 12:42:00;-1,626;2,372
2019-06-02 12:43:00;-1,655;2,367
2019-06-02 12:44:00;-1,628;2,371
2019-06-02 12:45:00;-1,67;2,37
2019-06-02 12:46:00;-1,668;2,358
2019-06-02 12:47:00;-1,589;2,357
2019-06-02 12:48:00;-1,371;2,364
2019-06-02 12:49:00;-1,395;2,381
2019-06-02 12:50:00;-1,394;2,378
2019-06-02 12:51:00;-1,392;2,354
2019-06-02 12:52:00;-1,401;2,332
2019-06-02 12:53:00;-1,393;2,324
2019-06-02 12:54:00;-1,384;2,318
2019-06-02 12:55:00;-1,053;2,314
2019-06-02 12:56:00;-1,525;2,311
2019-06-02 12:57:00;-1,578;2,305
2019-06-02 12:58:00;-1,618;2,306
2019-06-02 12:59:00;-1,64;2,312
2019-06-02 13:00:00;-1,599;2,318
2019-06-02 13:01:00;-1,59;2,335
2019-06-02 13:02:00;-1,166;2,348
2019-06-02 13:03:00;-1,535;2,36
2019-06-02 13:04:00;-1,656;2,378
2019-06-02 13:05:00;-1,746;2,397
2019-06-02 13:06:00;-0,563;1,316
2019-06-02 13:07:00;-0,622;1,346
2019-06-02 13:08:00;-1,353;1,991
2019-06-02 13:09:00;-1,73;2,336
2019-06-02 13:10:00;-1,554;2,365
2019-06-02 13:11:00;-1,592;2,428
2019-06-02 13:12:00;-1,053;1,982
2019-06-02 13:13:00;0,355;0,828
2019-06-02 13:14:00;0,067;1,77
2019-06-02 13:15:00;-1,324;2,16
2019-06-02 13:16:00;-1,377;2,188
2019-06-02 13:17:00;-1,788;2,462
2019-06-02 13:18:00;-1,764;2,355
2019-06-02 13:19:00;-1,657;2,283
2019-06-02 13:20:00;-1,277;1,925
2019-06-02 13:21:00;-1,211;1,852
2019-06-02 13:22:00;-1,907;2,476
2019-06-02 13:23:00;-1,828;2,402
2019-06-02 13:24:00;-1,667;2,257
2019-06-02 13:25:00;-1,971;2,53
2019-06-02 13:26:00;-1,926;2,489
2019-06-02 13:27:00;-1,504;2,111
2019-06-02 13:28:00;-1,012;1,667
2019-06-02 13:29:00;-0,898;1,569
2019-06-02 13:30:00;-1,338;2,6
2019-06-02 13:31:00;-1,224;1,899
2019-06-02 13:32:00;-0,901;1,809
2019-06-02 13:33:00;0,596;1,736
2019-06-02 13:34:00;4,052;1,478
2019-06-02 13:35:00;4,885;1,769
2019-06-02 13:36:00;4,275;2,22
2019-06-02 13:37:00;3,35;2,191
2019-06-02 13:38:00;4,287;2,59
2019-06-02 13:39:00;4,073;1,765
2019-06-02 13:40:00;4,136;1,612
2019-06-02 13:41:00;4,879;1,246
2019-06-02 13:42:00;3,941;1,55
2019-06-02 13:43:00;3,588;1,39
2019-06-02 13:44:00;3,743;2,554
2019-06-02 13:45:00;2,256;2,608
2019-06-02 13:46:00;2,428;2,445
2019-06-02 13:47:00;2,457;2,497
2019-06-02 13:48:00;2,386;2,502
2019-06-02 13:49:00;2,425;2,557
2019-06-02 13:50:00;2,172;2,576
2019-06-02 13:51:00;1,883;2,588
2019-06-02 13:52:00;2,451;2,586
2019-06-02 13:53:00;2,185;2,589
2019-06-02 13:54:00;2,171;2,524
2019-06-02 13:55:00;2,685;2,494
2019-06-02 13:56:00;2,966;2,67
2019-06-02 13:57:00;2,286;2,538
2019-06-02 13:58:00;2,676;2,496
2019-06-02 13:59:00;2,715;2,441
2019-06-02 14:00:00;2,263;2,421
2019-06-02 14:01:00;2,597;2,404
2019-06-02 14:02:00;2,564;2,389
2019-06-02 14:03:00;2,167;2,394
2019-06-02 14:04:00;2,455;2,336
2019-06-02 14:05:00;3,288;1,234
2019-06-02 14:06:00;2,158;2,241
2019-06-02 14:07:00;2,317;2,196
2019-06-02 14:08:00;2,686;1,872
2019-06-02 14:09:00;2,881;1,81
2019-06-02 14:10:00;3,334;1,678
2019-06-02 14:11:00;3,71;1,236
2019-06-02 14:12:00;3,53;1,548
2019-06-02 14:13:00;3,885;1,16
2019-06-02 14:14:00;4,075;0,856
2019-06-02 14:15:00;3,966;0,847
2019-06-02 14:16:00;3,71;1,1
2019-06-02 14:17:00;4,146;0,992
2019-06-02 14:18:00;3,952;1,122
2019-06-02 14:19:00;3,557;1,444
2019-06-02 14:20:00;3,546;1,55
2019-06-02 14:21:00;3,566;1,406
2019-06-02 14:22:00;3,162;1,629
2019-06-02 14:23:00;2,676;1,83
2019-06-02 14:24:00;3,165;1,739
2019-06-02 14:25:00;2,801;1,974
2019-06-02 14:26:00;2,687;1,983
2019-06-02 14:27:00;2,447;2,173
2019-06-02 14:28:00;2,631;2,38
2019-06-02 14:29:00;2,725;2,57
2019-06-02 14:30:00;2,564;2,93
2019-06-02 14:31:00;2,508;2,159
2019-06-02 14:32:00;2,484;2,166
2019-06-02 14:33:00;2,45;2,196
2019-06-02 14:34:00;2,554;2,185
2019-06-02 14:35:00;2,424;2,169
2019-06-02 14:36:00;2,593;2,8
2019-06-02 14:37:00;3,173;1,483
2019-06-02 14:38:00;2,771;1,972
2019-06-02 14:39:00;3,539;1,192
2019-06-02 14:40:00;2,424;2,239
2019-06-02 14:41:00;2,517;2,301
2019-06-02 14:42:00;2,664;2,17
2019-06-02 14:43:00;3,855;1,209
2019-06-02 14:44:00;2,872;1,893
2019-06-02 14:45:00;2,713;2,45
2019-06-02 14:46:00;3,745;0,989
2019-06-02 14:47:00;2,4;2,187
2019-06-02 14:48:00;2,971;1,693
2019-06-02 14:49:00;3,504;0,964
2019-06-02 14:50:00;3,122;1,268
2019-06-02 14:51:00;2,468;1,869
2019-06-02 14:52:00;3,865;0,585
2019-06-02 14:53:00;3,377;0,985
2019-06-02 14:54:00;2,095;2,22
2019-06-02 14:55:00;2,172;2,204
2019-06-02 14:56:00;2,226;2,16
2019-06-02 14:57:00;2,161;2,202
2019-06-02 14:58:00;2,222;2,184
2019-06-02 14:59:00;2,221;2,209
2019-06-02 15:00:00;2,685;1,782
2019-06-02 15:01:00;1,841;1,254
2019-06-02 15:02:00;-0,028;1,55
2019-06-02 15:03:00;-0,05;1,29
2019-06-02 15:04:00;0,153;1,87
2019-06-02 15:05:00;-0,548;1,736
2019-06-02 15:06:00;-1,118;2,111
2019-06-02 15:07:00;-1,176;2,111
2019-06-02 15:08:00;-1,225;2,117
2019-06-02 15:09:00;-0,528;1,347
2019-06-02 15:10:00;-0,063;0,892
2019-06-02 15:11:00;0,108;0,737
2019-06-02 15:12:00;0,282;0,559
2019-06-02 15:13:00;0,338;0,504
2019-06-02 15:14:00;-0,418;1,186
2019-06-02 15:15:00;-1,46;2,152
2019-06-02 15:16:00;-1,388;2,6
2019-06-02 15:17:00;-1,317;1,991
2019-06-02 15:18:00;-1,255;1,935
2019-06-02 15:19:00;-1,225;1,956
2019-06-02 15:20:00;-1,226;1,95
2019-06-02 15:21:00;-1,282;1,999
2019-06-02 15:22:00;-1,323;2,35
2019-06-02 15:23:00;-1,299;2,13
2019-06-02 15:24:00;-1,215;1,942
2019-06-02 15:25:00;-1,239;1,95
2019-06-02 15:26:00;-0,681;1,429
2019-06-02 15:27:00;0,262;0,748
2019-06-02 15:28:00;-0,778;1,705
2019-06-02 15:29:00;-0,971;1,88
2019-06-02 15:30:00;-0,948;1,843
2019-06-02 15:31:00;-0,937;1,832
2019-06-02 15:32:00;-0,245;1,824
2019-06-02 15:33:00;2,894;1,616
2019-06-02 15:34:00;2,685;1,757
2019-06-02 15:35:00;2,66;1,755
2019-06-02 15:36:00;2,651;1,756
2019-06-02 15:37:00;2,598;1,774
2019-06-02 15:38:00;2,565;1,798
2019-06-02 15:39:00;2,567;1,804
2019-06-02 15:40:00;2,57;1,821
2019-06-02 15:41:00;2,586;1,809
2019-06-02 15:42:00;2,745;1,672
2019-06-02 15:43:00;2,8;1,586
2019-06-02 15:44:00;2,666;1,716
2019-06-02 15:45:00;3,042;1,393
2019-06-02 15:46:00;3,094;1,362
2019-06-02 15:47:00;3,9;0,568
2019-06-02 15:48:00;3,546;0,823
2019-06-02 15:49:00;3,404;0,997
2019-06-02 15:50:00;3,335;1,227
2019-06-02 15:51:00;2,825;1,749
2019-06-02 15:52:00;2,719;1,882
2019-06-02 15:53:00;2,74;1,881
2019-06-02 15:54:00;2,745;1,877
2019-06-02 15:55:00;2,603;1,893
2019-06-02 15:56:00;2,485;1,893
2019-06-02 15:57:00;2,505;1,883
2019-06-02 15:58:00;3,253;1,195
2019-06-02 15:59:00;3,72;0,702
2019-06-02 16:00:00;3,94;0,648
2019-06-02 16:01:00;4,014;0,599
2019-06-02 16:02:00;3,874;0,561
2019-06-02 16:03:00;3,832;0,539
2019-06-02 16:04:00;2,889;1,404
2019-06-02 16:05:00;2,616;1,724
2019-06-02 16:06:00;2,686;1,694
2019-06-02 16:07:00;2,747;1,688
2019-06-02 16:08:00;2,752;1,683
2019-06-02 16:09:00;3,535;0,949
2019-06-02 16:10:00;3,716;0,747
2019-06-02 16:11:00;3,141;1,274
2019-06-02 16:12:00;3,954;0,523
2019-06-02 16:13:00;3,984;0,529
2019-06-02 16:14:00;3,651;0,849
2019-06-02 16:15:00;3,12;1,326
2019-06-02 16:16:00;3,355;1,17
2019-06-02 16:17:00;3,849;0,721
2019-06-02 16:18:00;3,064;1,4
2019-06-02 16:19:00;2,856;1,448
2019-06-02 16:20:00;2,908;1,419
2019-06-02 16:21:00;2,936;1,391
2019-06-02 16:22:00;2,957;1,345
2019-06-02 16:23:00;3,027;1,329
2019-06-02 16:24:00;3,115;1,309
2019-06-02 16:25:00;3,086;1,312
2019-06-02 16:26:00;3,184;1,317
2019-06-02 16:27:00;3,17;1,329
2019-06-02 16:28:00;3,195;1,332
2019-06-02 16:29:00;3,186;1,335
2019-06-02 16:30:00;3,168;1,331
2019-06-02 16:31:00;3,195;1,321
2019-06-02 16:32:00;3,145;1,302
2019-06-02 16:33:00;3,2;1,287
2019-06-02 16:34:00;3,234;1,266
2019-06-02 16:35:00;3,263;1,25
2019-06-02 16:36:00;3,443;1,81
2019-06-02 16:37:00;3,49;1,228
2019-06-02 16:38:00;3,559;1,233
2019-06-02 16:39:00;3,477;1,257
2019-06-02 16:40:00;3,442;1,277
2019-06-02 16:41:00;3,501;1,262
2019-06-02 16:42:00;3,365;1,238
2019-06-02 16:43:00;3,349;1,203
2019-06-02 16:44:00;3,385;1,169
2019-06-02 16:45:00;3,408;1,149
2019-06-02 16:46:00;3,473;1,113
2019-06-02 16:47:00;3,5;1,96
2019-06-02 16:48:00;3,535;1,87
2019-06-02 16:49:00;3,656;1,85
2019-06-02 16:50:00;3,514;1,1
2019-06-02 16:51:00;3,484;1,11
2019-06-02 16:52:00;3,468;1,111
2019-06-02 16:53:00;3,808;0,801
2019-06-02 16:54:00;3,547;1,76
2019-06-02 16:55:00;3,577;1,61
2019-06-02 16:56:00;3,655;0,998
2019-06-02 16:57:00;3,642;1,38
2019-06-02 16:58:00;3,888;0,817
2019-06-02 16:59:00;3,815;1,43
2019-06-02 17:00:00;3,931;1,4
2019-06-02 17:01:00;3,869;1,53
2019-06-02 17:02:00;3,854;1,82
2019-06-02 17:03:00;3,811;1,97
2019-06-02 17:04:00;3,743;1,12
2019-06-02 17:05:00;4,121;0,716
2019-06-02 17:06:00;4,188;0,432
2019-06-02 17:07:00;4,154;0,428
2019-06-02 17:08:00;4,186;0,424
2019-06-02 17:09:00;4,178;0,423
2019-06-02 17:10:00;4,239;0,439
2019-06-02 17:11:00;4,037;0,506
2019-06-02 17:12:00;4,104;0,438
2019-06-02 17:13:00;4,093;0,475
2019-06-02 17:14:00;4,13;0,454
2019-06-02 17:15:00;4,166;0,443
2019-06-02 17:16:00;4,036;0,547
2019-06-02 17:17:00;3,579;0,922
2019-06-02 17:18:00;3,747;0,776
2019-06-02 17:19:00;3,553;1,3
2019-06-02 17:20:00;3,794;0,816
2019-06-02 17:21:00;3,704;0,927
2019-06-02 17:22:00;3,727;0,882
2019-06-02 17:23:00;3,822;0,857
2019-06-02 17:24:00;4,091;0,831
2019-06-02 17:25:00;4,454;0,47
2019-06-02 17:26:00;4,608;0,313
2019-06-02 17:27:00;4,516;0,372
2019-06-02 17:28:00;4,446;0,345
2019-06-02 17:29:00;3,803;0,747
2019-06-02 17:30:00;3,854;0,765
2019-06-02 17:31:00;4,242;0,408
2019-06-02 17:32:00;4,277;0,306
2019-06-02 17:33:00;4,003;0,532
2019-06-02 17:34:00;4,329;0,224
2019-06-02 17:35:00;4,222;0,349
2019-06-02 17:36:00;4,095;0,508
2019-06-02 17:37:00;4,089;0,53
2019-06-02 17:38:00;3,937;0,633
2019-06-02 17:39:00;4,012;0,553
2019-06-02 17:40:00;4,274;0,63
2019-06-02 17:41:00;4,368;0,632
2019-06-02 17:42:00;4,392;0,633
2019-06-02 17:43:00;4,396;0,633
2019-06-02 17:44:00;4,405;0,629
2019-06-02 17:45:00;4,441;0,611
2019-06-02 17:46:00;4,226;0,579
2019-06-02 17:47:00;4,25;0,548
2019-06-02 17:48:00;4,312;0,519
2019-06-02 17:49:00;4,375;0,495
2019-06-02 17:50:00;4,35;0,474
2019-06-02 17:51:00;4,355;0,452
2019-06-02 17:52:00;4,345;0,432
2019-06-02 17:53:00;4,18;0,417
2019-06-02 17:54:00;4,359;0,406
2019-06-02 17:55:00;4,19;0,395
2019-06-02 17:56:00;4,21;0,383
2019-06-02 17:57:00;4,195;0,371
2019-06-02 17:58:00;4,208;0,36
2019-06-02 17:59:00;4,22;0,352
2019-06-02 18:00:00;4,393;0,344
2019-06-02 18:01:00;4,398;0,334
2019-06-02 18:02:00;4,427;0,322
2019-06-02 18:03:00;4,489;0,308
2019-06-02 18:04:00;4,476;0,308
2019-06-02 18:05:00;4,465;0,302
2019-06-02 18:06:00;4,442;0,294
2019-06-02 18:07:00;4,456;0,287
2019-06-02 18:08:00;4,474;0,28
2019-06-02 18:09:00;4,452;0,273
2019-06-02 18:10:00;4,702;0,268
2019-06-02 18:11:00;4,715;0,265
2019-06-02 18:12:00;4,687;0,262
2019-06-02 18:13:00;4,709;0,257
2019-06-02 18:14:00;4,723;0,25
2019-06-02 18:15:00;4,602;0,241
2019-06-02 18:16:00;4,539;0,234
2019-06-02 18:17:00;4,541;0,226
2019-06-02 18:18:00;4,522;0,22
2019-06-02 18:19:00;4,519;0,211
2019-06-02 18:20:00;4,51;0,203
2019-06-02 18:21:00;4,523;0,189
2019-06-02 18:22:00;4,525;0,157
2019-06-02 18:23:00;4,538;0,121
2019-06-02 18:24:00;4,506;0,117
2019-06-02 18:25:00;4,441;0,165
2019-06-02 18:26:00;4,453;0,17
2019-06-02 18:27:00;4,469;0,16
2019-06-02 18:28:00;4,45;0,154
2019-06-02 18:29:00;4,432;0,159
2019-06-02 18:30:00;4,45;0,161
2019-06-02 18:31:00;4,447;0,165
2019-06-02 18:32:00;4,42;0,168
2019-06-02 18:33:00;4,53;0,172
2019-06-02 18:34:00;4,636;0,173
2019-06-02 18:35:00;4,658;0,151
2019-06-02 18:36:00;4,625;0,153
2019-06-02 18:37:00;4,603;0,165
2019-06-02 18:38:00;4,513;0,181
2019-06-02 18:39:00;4,442;0,18
2019-06-02 18:40:00;4,42;0,182
2019-06-02 18:41:00;4,386;0,185
2019-06-02 18:42:00;4,356;0,19
2019-06-02 18:43:00;4,345;0,196
2019-06-02 18:44:00;4,347;0,201
2019-06-02 18:45:00;4,333;0,207
2019-06-02 18:46:00;4,393;0,21
2019-06-02 18:47:00;4,374;0,211
2019-06-02 18:48:00;4,33;0,205
2019-06-02 18:49:00;4,333;0,197
2019-06-02 18:50:00;4,328;0,19
2019-06-02 18:51:00;4,324;0,184
2019-06-02 18:52:00;4,325;0,182
2019-06-02 18:53:00;4,375;0,184
2019-06-02 18:54:00;4,337;0,189
2019-06-02 18:55:00;4,326;0,189
2019-06-02 18:56:00;4,372;0,19
2019-06-02 18:57:00;4,55;0,189
2019-06-02 18:58:00;4,537;0,189
2019-06-02 18:59:00;4,587;0,188
2019-06-02 19:00:00;4,575;0,188
2019-06-02 19:01:00;4,485;0,187
2019-06-02 19:02:00;4,324;0,187
2019-06-02 19:03:00;4,325;0,186
2019-06-02 19:04:00;4,3;0,186
2019-06-02 19:05:00;4,33;0,187
2019-06-02 19:06:00;4,296;0,185
2019-06-02 19:07:00;4,116;0,182
2019-06-02 19:08:00;4,12;0,18
2019-06-02 19:09:00;4,139;0,177
2019-06-02 19:10:00;4,164;0,173
2019-06-02 19:11:00;4,324;0,171
2019-06-02 19:12:00;4,299;0,168
2019-06-02 19:13:00;4,263;0,165
2019-06-02 19:14:00;4,325;0,162
2019-06-02 19:15:00;4,327;0,16
2019-06-02 19:16:00;4,327;0,159
2019-06-02 19:17:00;4,293;0,158
2019-06-02 19:18:00;4,277;0,157
2019-06-02 19:19:00;4,251;0,156
2019-06-02 19:20:00;4,469;0,156
2019-06-02 19:21:00;4,475;0,156
2019-06-02 19:22:00;4,463;0,156
2019-06-02 19:23:00;4,512;0,155
2019-06-02 19:24:00;4,484;0,154
2019-06-02 19:25:00;4,264;0,153
2019-06-02 19:26:00;4,273;0,153
2019-06-02 19:27:00;4,311;0,152
2019-06-02 19:28:00;4,337;0,151
2019-06-02 19:29:00;4,34;0,15
2019-06-02 19:30:00;4,35;0,147
2019-06-02 19:31:00;4,476;0,144
2019-06-02 19:32:00;4,482;0,141
2019-06-02 19:33:00;5,966;0,14
2019-06-02 19:34:00;4,515;0,133
2019-06-02 19:35:00;4,797;0,129
2019-06-02 19:36:00;5,765;0,125
2019-06-02 19:37:00;5,833;0,12
2019-06-02 19:38:00;5,864;0,114
2019-06-02 19:39:00;5,83;0,108
2019-06-02 19:40:00;5,825;0,102
2019-06-02 19:41:00;5,184;0,96
2019-06-02 19:42:00;4,383;0,89
2019-06-02 19:43:00;4,562;0,85
2019-06-02 19:44:00;4,628;0,8
2019-06-02 19:45:00;4,625;0,75
2019-06-02 19:46:00;4,628;0,72
2019-06-02 19:47:00;4,627;0,67
2019-06-02 19:48:00;4,472;0,64
2019-06-02 19:49:00;4,455;0,62
2019-06-02 19:50:00;4,464;0,58
2019-06-02 19:51:00;4,447;0,55
2019-06-02 19:52:00;4,456;0,52
2019-06-02 19:53:00;4,467;0,48
2019-06-02 19:54:00;4,48;0,45
2019-06-02 19:55:00;4,498;0,4
2019-06-02 19:56:00;4,514;0,36
2019-06-02 19:57:00;4,542;0,34
2019-06-02 19:58:00;4,628;0,3
2019-06-02 19:59:00;4,531;0,26
2019-06-02 20:00:00;4,561;0,23
2019-06-02 20:01:00;4,533;0,2
2019-06-02 20:02:00;4,545;0,17
2019-06-02 20:03:00;4,679;0,14
2019-06-02 20:04:00;4,666;0,11
2019-06-02 20:05:00;4,625;0,9
2019-06-02 20:06:00;4,766;0,7
2019-06-02 20:07:00;4,861;0,4
2019-06-02 20:08:00;4,768;0,1
2019-06-02 20:09:00;4,723;-0,1
2019-06-02 20:10:00;4,778;-0,4
2019-06-02 20:11:00;4,579;-0,5
2019-06-02 20:12:00;4,427;-0,8
2019-06-02 20:13:00;4,406;-0,1
2019-06-02 20:14:00;4,381;-0,1
2019-06-02 20:15:00;4,379;-0,12
2019-06-02 20:16:00;4,376;-0,14
2019-06-02 20:17:00;4,376;-0,15
2019-06-02 20:18:00;4,371;-0,17
2019-06-02 20:19:00;4,4;-0,19
2019-06-02 20:20:00;4,372;-0,19
2019-06-02 20:21:00;4,368;-0,21
2019-06-02 20:22:00;4,358;-0,22
2019-06-02 20:23:00;4,329;-0,23
2019-06-02 20:24:00;4,298;-0,24
2019-06-02 20:25:00;4,292;-0,23
2019-06-02 20:26:00;4,294;-0,23
2019-06-02 20:27:00;4,296;-0,23
2019-06-02 20:28:00;4,308;-0,22
2019-06-02 20:29:00;4,407;-0,24
2019-06-02 20:30:00;4,526;-0,23
2019-06-02 20:31:00;4,517;-0,23
2019-06-02 20:32:00;4,57;-0,23
2019-06-02 20:33:00;4,55;-0,23
2019-06-02 20:34:00;4,41;-0,23
2019-06-02 20:35:00;4,334;-0,24
2019-06-02 20:36:00;4,326;-0,24
2019-06-02 20:37:00;4,316;-0,24
2019-06-02 20:38:00;4,297;-0,24
2019-06-02 20:39:00;4,296;-0,24
2019-06-02 20:40:00;4,298;-0,24
2019-06-02 20:41:00;4,31;-0,23
2019-06-02 20:42:00;4,298;0,3
2019-06-02 20:43:00;4,302;0,3
2019-06-02 20:44:00;4,335;0,3
2019-06-02 20:45:00;4,297;0,4
2019-06-02 20:46:00;4,294;0,4
2019-06-02 20:47:00;4,306;0,3
2019-06-02 20:48:00;4,315;0,3
2019-06-02 20:49:00;4,308;0,3
2019-06-02 20:50:00;4,312;0,3
2019-06-02 20:51:00;4,311;0,3
2019-06-02 20:52:00;4,339;0,3
2019-06-02 20:53:00;4,486;0,4
2019-06-02 20:54:00;4,47;0,4
2019-06-02 20:55:00;4,467;0,3
2019-06-02 20:56:00;4,442;0,3
2019-06-02 20:57:00;4,304;0,3
2019-06-02 20:58:00;4,177;0,3
2019-06-02 20:59:00;4,181;0,3
2019-06-02 21:00:00;4,164;0,4
2019-06-02 21:01:00;4,146;0,3
2019-06-02 21:02:00;4,14;0,3
2019-06-02 21:03:00;4,136;0,3
2019-06-02 21:04:00;4,13;0,3
2019-06-02 21:05:00;4,131;0,3
2019-06-02 21:06:00;4,132;0,4
2019-06-02 21:07:00;4,129;0,3
2019-06-02 21:08:00;4,122;0,3
2019-06-02 21:09:00;4,131;0,3
2019-06-02 21:10:00;4,131;0,3
2019-06-02 21:11:00;4,11;0,3
2019-06-02 21:12:00;4,096;0,3
2019-06-02 21:13:00;4,091;0,3
2019-06-02 21:14:00;4,152;0,3
2019-06-02 21:15:00;4,129;0,3
2019-06-02 21:16:00;4,331;0,3
2019-06-02 21:17:00;4,323;0,4
2019-06-02 21:18:00;4,321;0,4
2019-06-02 21:19:00;4,305;0,3
2019-06-02 21:20:00;4,242;0,4
2019-06-02 21:21:00;4,283;0,3
2019-06-02 21:22:00;4,275;0,3
2019-06-02 21:23:00;4,264;0,4
2019-06-02 21:24:00;4,043;0,3
2019-06-02 21:25:00;4,048;0,3
2019-06-02 21:26:00;4,043;0,3
2019-06-02 21:27:00;4,037;0,3
2019-06-02 21:28:00;4,054;0,3
2019-06-02 21:29:00;4,057;0,3
2019-06-02 21:30:00;4,055;0,3
2019-06-02 21:31:00;4,052;0,4
2019-06-02 21:32:00;4,053;0,3
2019-06-02 21:33:00;4,059;0,3
2019-06-02 21:34:00;4,07;0,3
2019-06-02 21:35:00;4,057;0,3
2019-06-02 21:36:00;4,055;0,3
2019-06-02 21:37:00;4,047;0,3
2019-06-02 21:38:00;4,072;0,3
2019-06-02 21:39:00;4,262;0,3
2019-06-02 21:40:00;4,279;0,3
2019-06-02 21:41:00;4,27;0,3
2019-06-02 21:42:00;4,276;0,3
2019-06-02 21:43:00;4,212;0,3
2019-06-02 21:44:00;4,063;0,4
2019-06-02 21:45:00;4,075;0,3
2019-06-02 21:46:00;4,038;0,3
2019-06-02 21:47:00;4,021;0,3
2019-06-02 21:48:00;4,015;0,3
2019-06-02 21:49:00;4,011;0,3
2019-06-02 21:50:00;4,018;0,3
2019-06-02 21:51:00;4,005;0,3
2019-06-02 21:52:00;4,003;0,3
2019-06-02 21:53:00;4,005;0,3
2019-06-02 21:54:00;4,002;0,2
2019-06-02 21:55:00;4,004;0,3
2019-06-02 21:56:00;4,014;0,3
2019-06-02 21:57:00;4,015;0,4
2019-06-02 21:58:00;4,019;0,3
2019-06-02 21:59:00;4,01;0,3
2019-06-02 22:00:00;4,008;0,3
2019-06-02 22:01:00;4,021;0,2
2019-06-02 22:02:00;4,149;0,4
2019-06-02 22:03:00;4,227;0,3
2019-06-02 22:04:00;4,225;0,4
2019-06-02 22:05:00;4,222;0,4
2019-06-02 22:06:00;4,143;0,3
2019-06-02 22:07:00;3,977;0,3
2019-06-02 22:08:00;3,973;0,3
2019-06-02 22:09:00;3,969;0,3
2019-06-02 22:10:00;3,94;0,3
2019-06-02 22:11:00;3,953;0,3
2019-06-02 22:12:00;3,935;0,3
2019-06-02 22:13:00;3,89;0,3
2019-06-02 22:14:00;3,889;0,3
2019-06-02 22:15:00;3,886;0,3
2019-06-02 22:16:00;3,884;0,3
2019-06-02 22:17:00;3,882;0,3
2019-06-02 22:18:00;3,878;0,3
2019-06-02 22:19:00;3,88;0,3
2019-06-02 22:20:00;3,875;0,3
2019-06-02 22:21:00;3,876;0,3
2019-06-02 22:22:00;3,877;0,3
2019-06-02 22:23:00;3,877;0,3
2019-06-02 22:24:00;3,884;0,3
2019-06-02 22:25:00;3,963;0,3
2019-06-02 22:26:00;4,106;0,3
2019-06-02 22:27:00;4,107;0,3
2019-06-02 22:28:00;4,104;0,4
2019-06-02 22:29:00;4,127;0,3
2019-06-02 22:30:00;3,985;0,3
2019-06-02 22:31:00;3,965;0,3
2019-06-02 22:32:00;3,977;0,3
2019-06-02 22:33:00;3,897;0,2
2019-06-02 22:34:00;3,903;0,3
2019-06-02 22:35:00;3,9;0,3
2019-06-02 22:36:00;3,981;0,3
2019-06-02 22:37:00;4,102;0,3
2019-06-02 22:38:00;4,065;0,3
2019-06-02 22:39:00;3,939;0,3
2019-06-02 22:40:00;3,918;0,3
2019-06-02 22:41:00;3,881;0,3
2019-06-02 22:42:00;3,877;0,3
2019-06-02 22:43:00;3,88;0,2
2019-06-02 22:44:00;3,882;0,3
2019-06-02 22:45:00;3,877;0,3
2019-06-02 22:46:00;3,872;0,3
2019-06-02 22:47:00;3,874;0,3
2019-06-02 22:48:00;3,905;0,3
2019-06-02 22:49:00;4,095;0,3
2019-06-02 22:50:00;4,092;0,3
2019-06-02 22:51:00;4,087;0,3
2019-06-02 22:52:00;4,086;0,3
2019-06-02 22:53:00;3,971;0,3
2019-06-02 22:54:00;3,957;0,3
2019-06-02 22:55:00;3,914;0,3
2019-06-02 22:56:00;3,877;0,3
2019-06-02 22:57:00;3,891;0,3
2019-06-02 22:58:00;3,882;0,3
2019-06-02 22:59:00;3,866;0,3
2019-06-02 23:00:00;3,864;0,3
2019-06-02 23:01:00;3,857;0,2
2019-06-02 23:02:00;3,862;0,3
2019-06-02 23:03:00;3,865;0,3
2019-06-02 23:04:00;3,864;0,3
2019-06-02 23:05:00;3,862;0,3
2019-06-02 23:06:00;3,875;0,3
2019-06-02 23:07:00;3,87;0,3
2019-06-02 23:08:00;3,857;0,3
2019-06-02 23:09:00;3,854;0,3
2019-06-02 23:10:00;3,856;0,3
2019-06-02 23:11:00;3,87;0,3
2019-06-02 23:12:00;4,013;0,2
2019-06-02 23:13:00;4,07;0,3
2019-06-02 23:14:00;4,065;0,3
2019-06-02 23:15:00;4,065;0,3
2019-06-02 23:16:00;3,945;0,3
2019-06-02 23:17:00;3,866;0,3
2019-06-02 23:18:00;3,867;0,3
2019-06-02 23:19:00;3,85;0,3
2019-06-02 23:20:00;3,84;0,3
2019-06-02 23:21:00;3,897;0,3
2019-06-02 23:22:00;3,923;0,3
2019-06-02 23:23:00;3,909;0,3
2019-06-02 23:24:00;3,84;0,3
2019-06-02 23:25:00;3,84;0,3
2019-06-02 23:26:00;3,841;0,3
2019-06-02 23:27:00;3,836;0,3
2019-06-02 23:28:00;3,835;0,3
2019-06-02 23:29:00;3,84;0,3
2019-06-02 23:30:00;3,831;0,3
2019-06-02 23:31:00;3,828;0,3
2019-06-02 23:32:00;3,827;0,3
2019-06-02 23:33:00;3,826;0,3
2019-06-02 23:34:00;3,848;0,3
2019-06-02 23:35:00;3,937;0,3
2019-06-02 23:36:00;4,052;0,3
2019-06-02 23:37:00;4,046;0,3
2019-06-02 23:38:00;4,049;0,3
2019-06-02 23:39:00;3,987;0,3
2019-06-02 23:40:00;3,853;0,3
2019-06-02 23:41:00;3,853;0,3
2019-06-02 23:42:00;3,842;0,3
2019-06-02 23:43:00;3,822;0,3
2019-06-02 23:44:00;3,818;0,3
2019-06-02 23:45:00;3,815;0,3
2019-06-02 23:46:00;3,814;0,3
2019-06-02 23:47:00;3,814;0,3
2019-06-02 23:48:00;3,806;0,3
2019-06-02 23:49:00;3,82;0,3
2019-06-02 23:50:00;3,829;0,3
2019-06-02 23:51:00;3,805;0,3
2019-06-02 23:52:00;3,803;0,3
2019-06-02 23:53:00;3,799;0,3
2019-06-02 23:54:00;3,796;0,3
2019-06-02 23:55:00;3,795;0,3
2019-06-02 23:56:00;3,794;0,3
2019-06-02 23:57:00;3,803;0,2
2019-06-02 23:58:00;3,82;0,3
2019-06-02 23:59:00;4,009;0,3
